	1487032720
bin	1487032714
bin/ash	1487032711
bin/busybox	1470252412
bin/cat	1487032711
bin/chgrp	1487032711
bin/chmod	1487032711
bin/chown	1487032711
bin/cp	1487032711
bin/date	1487032711
bin/dd	1487032711
bin/df	1487032711
bin/dmesg	1487032711
bin/echo	1487032711
bin/egrep	1487032711
bin/false	1487032711
bin/fgrep	1487032711
bin/fsync	1487032711
bin/grep	1487032711
bin/gunzip	1487032711
bin/gzip	1487032711
bin/ipcalc.sh	1422992195
bin/kill	1487032711
bin/ln	1487032711
bin/lock	1487032711
bin/login	1487032711
bin/login.sh	1422992195
bin/ls	1487032711
bin/mkdir	1487032711
bin/mknod	1487032711
bin/mktemp	1487032711
bin/mount	1487032711
bin/mv	1487032711
bin/netmsg	1487032711
bin/netstat	1487032711
bin/nice	1487032711
bin/opkg	1470252566
bin/pidof	1487032711
bin/ping	1487032711
bin/ping6	1487032711
bin/ps	1487032711
bin/pwd	1487032711
bin/rm	1487032711
bin/rmdir	1487032711
bin/sed	1487032711
bin/sh	1487032711
bin/sleep	1487032711
bin/sync	1487032711
bin/tar	1487032711
bin/touch	1487032711
bin/true	1487032711
bin/ubus	1470252420
bin/umount	1487032711
bin/uname	1487032711
bin/vi	1487032711
bin/zcat	1487032711
dev	1470252524
etc	1487032717
etc/banner	1487032717
etc/config	1487032717
etc/config/ddns	1487032717
etc/config/ddns.sample	1470252313
etc/config/dhcp	1487032717
etc/config/firewall	1487032717
etc/config/fwman	1487032717
etc/config/ipsec	1487032717
etc/config/luxul	1487032717
etc/config/luxulctf	1487032717
etc/config/mwan3	1487032717
etc/config/network	1487032717
etc/config/pptpd	1487032717
etc/config/qos	1487032717
etc/config/system	1487032717
etc/config/TRL	1485819687
etc/config/upnpd	1487032717
etc/config/xl2tpd	1487032717
etc/crontabs	1470252524
etc/device_info	1470252524
etc/diag.sh	1422992196
etc/dnsmasq.conf	1470252569
etc/dropbear	1487032717
etc/dropbear/authorized_keys	1487032717
etc/firewall.user	1487032717
etc/fstab	1487032711
etc/fw_version	1487032717
etc/group	1422992195
etc/hosts	1422992195
etc/hotplug2.rules	1487032717
etc/hotplug.d	1470252523
etc/hotplug.d/iface/00-netstate	1422992196
etc/hotplug.d/iface/10-qos	1422992196
etc/hotplug.d/iface	1487032717
etc/hotplug.d/iface/15-mwan3	1422992937
etc/hotplug.d/iface/15-teql	1470252513
etc/hotplug.d/iface/20-firewall	1470252526
etc/hotplug.d/iface/25-dnsmasq	1470252569
etc/hotplug.d/iface/50-miniupnpd	1470252523
etc/hotplug.d/iface/95-ddns	1470252313
etc/hotplug.d/net/00-sysctl	1422992195
etc/hotplug.d/net	1487032711
etc/hotplug.json	1470252519
etc/hotplug-preinit.json	1470252519
etc/httpd.conf	1487032717
etc/init.d	1487032717
etc/init.d/boot	1422992195
etc/init.d/cron	1470252412
etc/init.d/ddns	1470252313
etc/init.d/dnsmasq	1470252569
etc/init.d/done	1422992195
etc/init.d/firewall	1470252526
etc/init.d/iperf	1487032717
etc/init.d/ipsec	1487032717
etc/init.d/led	1422992195
etc/init.d/lighttpd	1470252614
etc/init.d/log	1470252435
etc/init.d/luxulctf	1487032662
etc/init.d/mDNSResponder	1470253085
etc/init.d/miniupnpd	1470252523
etc/init.d/netconfig	1429644413
etc/init.d/network	1422992196
etc/init.d/nvram	1470252363
etc/init.d/pptpd	1487032717
etc/init.d/qos	1422992196
etc/init.d/sshd	1470252632
etc/init.d/sysctl	1422992195
etc/init.d/sysfixtime	1422992195
etc/init.d/sysntpd	1470252412
etc/init.d/system	1422992195
etc/init.d/telnet	1470252412
etc/init.d/trlc	1480708401
etc/init.d/.trlc.swp	1485820726
etc/init.d/umount	1422992195
etc/init.d/wmacfixup	1422992196
etc/init.d/xl2tpd	1487032717
etc/inittab	1487032717
etc/iproute2	1487032712
etc/iproute2/rt_tables	1470252484
etc/ipsec.conf	1487032717
etc/ipsec.d	1487032717
etc/ipsec.d/aacerts	1470252639
etc/ipsec.d/acerts	1470252639
etc/ipsec.d/cacerts	1470252639
etc/ipsec.d/certs	1470252639
etc/ipsec.d/crls	1470252639
etc/ipsec.d/ocspcerts	1470252639
etc/ipsec.d/private	1470252639
etc/ipsec.d/reqs	1470252639
etc/ipsec.secrets	1470252633
etc/ipsec.user	1470252639
etc/l7-protocols	1487032712
etc/l7-protocols/aim.pat	1422992196
etc/l7-protocols/bittorrent.pat	1422992196
etc/l7-protocols/edonkey.pat	1422992196
etc/l7-protocols/fasttrack.pat	1422992196
etc/l7-protocols/ftp.pat	1422992196
etc/l7-protocols/gnutella.pat	1422992196
etc/l7-protocols/http.pat	1422992196
etc/l7-protocols/ident.pat	1422992196
etc/l7-protocols/irc.pat	1422992196
etc/l7-protocols/jabber.pat	1422992196
etc/l7-protocols/msnmessenger.pat	1422992196
etc/l7-protocols/ntp.pat	1422992196
etc/l7-protocols/pop3.pat	1422992196
etc/l7-protocols/smtp.pat	1422992196
etc/l7-protocols/ssl.pat	1422992196
etc/l7-protocols/vnc.pat	1422992196
etc/lighttpd	1487032717
etc/lighttpd/auth.conf	1487032717
etc/lighttpd/conf.d/10-redirect.conf	1470252614
etc/lighttpd/conf.d	1487032716
etc/lighttpd/conf.d/20-auth.conf	1383576066
etc/lighttpd/conf.d/30-access.conf	1470252615
etc/lighttpd/conf.d/30-cgi.conf	1383576066
etc/lighttpd/conf.d/30-rewrite.conf	1470252616
etc/lighttpd/lighttpd.conf	1487032717
etc/lighttpd/mime.conf	1470252614
etc/luxul_commit	1487032717
etc/mDNSResponder.conf	1470253085
etc/modules-boot.d/02-crypto-hash	1487032713
etc/modules-boot.d	1487032713
etc/modules-boot.d/17-pps	1487032713
etc/modules-boot.d/18-ptp	1487032713
etc/modules-boot.d/19-bgmac	1487032712
etc/modules-boot.d/19-usb-brcm47xx	1487032713
etc/modules-boot.d/20-usb-core	1487032713
etc/modules-boot.d/30-gpio-button-hotplug	1487032713
etc/modules-boot.d/40-scsi-core	1487032713
etc/modules-boot.d/50-ledtrig-default-on	1487032713
etc/modules-boot.d/50-ledtrig-timer	1487032713
etc/modules-boot.d/50-usb-ohci	1487032713
etc/modules-boot.d/50-usb-uhci	1487032713
etc/modules-boot.d/usb-storage	1487032713
etc/modules.d/02-crypto-hash	1472686849
etc/modules.d/09-crypto-arc4	1472686858
etc/modules.d/09-crypto-authenc	1472686860
etc/modules.d/09-crypto-cbc	1472686862
etc/modules.d/09-crypto-deflate	1472686866
etc/modules.d/09-crypto-des	1472686863
etc/modules.d/09-crypto-ecb	1472686867
etc/modules.d/09-crypto-hmac	1472686869
etc/modules.d/09-crypto-md5	1472686871
etc/modules.d/09-crypto-rng	1472686855
etc/modules.d/09-crypto-sha1	1472686872
etc/modules.d/09-crypto-wq	1472686854
etc/modules.d/10-crypto-iv	1472686857
etc/modules.d	1487032715
etc/modules.d/17-pps	1472686939
etc/modules.d/18-ptp	1472686941
etc/modules.d/19-bgmac	1472686954
etc/modules.d/19-usb-brcm47xx	1472686946
etc/modules.d/20-ipv6	1472686903
etc/modules.d/20-usb-core	1472686942
etc/modules.d/30-gpio-button-hotplug	1487032662
etc/modules.d/30-ipsec	1472686908
etc/modules.d/30-luxul-luxulctf	1487032662
etc/modules.d/30-tun	1472686921
etc/modules.d/31-iptunnel	1472686916
etc/modules.d/31-iptunnel4	1472686910
etc/modules.d/31-iptunnel6	1472686913
etc/modules.d/32-ipsec4	1472686911
etc/modules.d/32-ipsec6	1472686914
etc/modules.d/32-l2tp	1472686929
etc/modules.d/34-ifb	1472686882
etc/modules.d/39-gre	1472686919
etc/modules.d/40-scsi-core	1472686846
etc/modules.d/42-ip6tables	1472686904
etc/modules.d/49-ipt-ipset	1487032706
etc/modules.d/50-ledtrig-default-on	1472686875
etc/modules.d/50-ledtrig-heartbeat	1472686874
etc/modules.d/50-ledtrig-timer	1472686877
etc/modules.d/50-usb-ohci	1472686947
etc/modules.d/50-usb-uhci	1472686944
etc/modules.d/70-sched-core	1472686934
etc/modules.d/71-sched-connmark	1472686936
etc/modules.d/ipt-conntrack	1472686886
etc/modules.d/ipt-conntrack-extra	1472686888
etc/modules.d/ipt-core	1472686883
etc/modules.d/ipt-filter	1472686890
etc/modules.d/ipt-ipopt	1472686891
etc/modules.d/ipt-ipsec	1472686894
etc/modules.d/ipt-nat	1472686895
etc/modules.d/ipt-nat-extra	1472686897
etc/modules.d/ipt-nathelper	1472686899
etc/modules.d/ipt-nathelper-extra	1472686900
etc/modules.d/lib-crc-ccitt	1472686878
etc/modules.d/lib-textsearch	1472686880
etc/modules.d/lib-zlib	1472686865
etc/modules.d/mppe	1472686932
etc/modules.d/nfnetlink	1472686906
etc/modules.d/ppp	1472686924
etc/modules.d/pppoe	1472686926
etc/modules.d/pppol2tp	1472686931
etc/modules.d/pptp	1472686928
etc/modules.d/usb-printer	1472686948
etc/modules.d/usb-storage	1472686950
etc/modules.d/usb-storage-extras	1472686951
etc/mtab	1487032711
etc/openwrt_feeds	1487032717
etc/openwrt_release	1487032717
etc/openwrt_version	1487032717
etc/opkg.conf	1470252566
etc/passwd	1422992195
etc/php5	1487032715
etc/php5/session.ini	1487032680
etc/php.ini	1487032717
etc/ppp	1487032717
etc/ppp/chap-secrets	1470252455
etc/ppp/filter	1470252455
etc/ppp/options	1470252455
etc/ppp/options.ppp	1487032717
etc/ppp/options.pptp	1470252455
etc/ppp/options.pptpd	1470252513
etc/ppp/options.xl2tpd	1487032717
etc/ppp/resolv.conf	1487032714
etc/pptpd.conf	1470252513
etc/preinit	1457041798
etc/profile	1422992195
etc/protocols	1422992195
etc/rc.button	1487032717
etc/rc.button/failsafe	1422992195
etc/rc.button/luxultask	1487032717
etc/rc.button/power	1422992195
etc/rc.button/reset	1487032717
etc/rc.button/rfkill	1422992195
etc/rc.common	1422992195
etc/rc.d	1487032719
etc/rc.d/K10ddns	1487032718
etc/rc.d/K10ipsec	1487032718
etc/rc.d/K15miniupnpd	1487032719
etc/rc.d/K1trlc	1487032719
etc/rc.d/K50sshd	1487032719
etc/rc.d/K89log	1487032718
etc/rc.d/K90network	1487032719
etc/rc.d/K98boot	1487032718
etc/rc.d/K99umount	1487032719
etc/rc.d/S00sysfixtime	1487032719
etc/rc.d/S02nvram	1487032719
etc/rc.d/S05netconfig	1487032719
etc/rc.d/S10boot	1487032718
etc/rc.d/S10system	1487032719
etc/rc.d/S11sysctl	1487032719
etc/rc.d/S12log	1487032718
etc/rc.d/S19firewall	1487032718
etc/rc.d/S20network	1487032719
etc/rc.d/S41wmacfixup	1487032719
etc/rc.d/S50cron	1487032718
etc/rc.d/S50lighttpd	1487032718
etc/rc.d/S50mDNSResponder	1487032718
etc/rc.d/S50qos	1487032719
etc/rc.d/S50sshd	1487032719
etc/rc.d/S50telnet	1487032719
etc/rc.d/S60dnsmasq	1487032718
etc/rc.d/S60pptpd	1487032719
etc/rc.d/S90ipsec	1487032718
etc/rc.d/S92xl2tpd	1487032719
etc/rc.d/S95ddns	1487032718
etc/rc.d/S95done	1487032718
etc/rc.d/S95miniupnpd	1487032719
etc/rc.d/S96led	1487032718
etc/rc.d/S98sysntpd	1487032719
etc/rc.d/S99luxulctf	1487032718
etc/rc.d/S99trlc	1487032719
etc/rc.local	1487032717
etc/resolv.conf	1487032711
etc/services	1422992195
etc/shadow	1786544684
etc/shells	1422992195
etc/ssh	1487032716
etc/ssh/sshd_config	1470252632
etc/ssl	1487032711
etc/ssl/certs/024dc131.0	1487032711
etc/ssl/certs/034868d6.0	1487032711
etc/ssl/certs/039c618a.0	1487032711
etc/ssl/certs/062cdee6.0	1487032711
etc/ssl/certs/064e0aa9.0	1487032711
etc/ssl/certs/080911ac.0	1487032711
etc/ssl/certs/0810ba98.0	1487032711
etc/ssl/certs/09789157.0	1487032711
etc/ssl/certs/0b759015.0	1487032711
etc/ssl/certs/0ba01d19.0	1487032711
etc/ssl/certs/0c4c9b6c.0	1487032711
etc/ssl/certs/0d1b923b.0	1487032711
etc/ssl/certs/116bf586.0	1487032711
etc/ssl/certs/128805a3.0	1487032711
etc/ssl/certs	1487032711
etc/ssl/certs/157753a5.0	1487032711
etc/ssl/certs/1636090b.0	1487032711
etc/ssl/certs/1874d4aa.0	1487032711
etc/ssl/certs/18856ac4.0	1487032711
etc/ssl/certs/1e09d511.0	1487032711
etc/ssl/certs/1ec4d31a.0	1487032711
etc/ssl/certs/201cada0.0	1487032711
etc/ssl/certs/2251b13a.0	1487032711
etc/ssl/certs/244b5494.0	1487032711
etc/ssl/certs/24ad0b63.0	1487032711
etc/ssl/certs/2ab3b959.0	1487032711
etc/ssl/certs/2ae6433e.0	1487032711
etc/ssl/certs/2b349938.0	1487032711
etc/ssl/certs/2c543cd1.0	1487032711
etc/ssl/certs/2e4eed3c.0	1487032711
etc/ssl/certs/2e5ac55d.0	1487032711
etc/ssl/certs/349f2832.0	1487032711
etc/ssl/certs/3513523f.0	1487032711
etc/ssl/certs/381ce4dd.0	1487032711
etc/ssl/certs/3b2716e5.0	1487032711
etc/ssl/certs/3bde41ac.0	1487032711
etc/ssl/certs/3e45d192.0	1487032711
etc/ssl/certs/3ee7e181.0	1487032711
etc/ssl/certs/3efd4dc0.0	1487032711
etc/ssl/certs/40547a79.0	1487032711
etc/ssl/certs/415660c1.0	1487032711
etc/ssl/certs/415660c1.1	1487032711
etc/ssl/certs/4304c5e5.0	1487032711
etc/ssl/certs/442adcac.0	1487032711
etc/ssl/certs/480720ec.0	1487032711
etc/ssl/certs/48bec511.0	1487032711
etc/ssl/certs/4a6481c9.0	1487032711
etc/ssl/certs/4bfab552.0	1487032711
etc/ssl/certs/4f316efb.0	1487032711
etc/ssl/certs/5273a94c.0	1487032711
etc/ssl/certs/5443e9e3.0	1487032711
etc/ssl/certs/54657681.0	1487032711
etc/ssl/certs/5620c4aa.0	1487032711
etc/ssl/certs/56657bde.0	1487032711
etc/ssl/certs/578d5c04.0	1487032711
etc/ssl/certs/57bbd831.0	1487032711
etc/ssl/certs/57bcb2da.0	1487032711
etc/ssl/certs/592c0a9a.0	1487032711
etc/ssl/certs/5ad8a5d6.0	1487032711
etc/ssl/certs/5c44d531.0	1487032711
etc/ssl/certs/5cd81ad7.0	1487032711
etc/ssl/certs/5d63b0ae.0	1487032711
etc/ssl/certs/5f15c80c.0	1487032711
etc/ssl/certs/607986c7.0	1487032711
etc/ssl/certs/6410666e.0	1487032711
etc/ssl/certs/653b494a.0	1487032711
etc/ssl/certs/65b876bd.0	1487032711
etc/ssl/certs/667c66d4.0	1487032711
etc/ssl/certs/67d559d1.0	1487032711
etc/ssl/certs/6b99d060.0	1487032711
etc/ssl/certs/6cc3c4c3.0	1487032711
etc/ssl/certs/6f2c1157.0	1487032711
etc/ssl/certs/706f604c.0	1487032711
etc/ssl/certs/749e9e03.0	1487032711
etc/ssl/certs/75d1b2ed.0	1487032711
etc/ssl/certs/76cb8f92.0	1487032711
etc/ssl/certs/76faf6c0.0	1487032711
etc/ssl/certs/778e3cb0.0	1487032711
etc/ssl/certs/790a7190.0	1487032711
etc/ssl/certs/79ad8b43.0	1487032711
etc/ssl/certs/7d0b38bd.0	1487032711
etc/ssl/certs/7d5a75e4.0	1487032711
etc/ssl/certs/7f3d5d1d.0	1487032711
etc/ssl/certs/8096d0a9.0	1487032711
etc/ssl/certs/812e17de.0	1487032711
etc/ssl/certs/8160b96c.0	1487032711
etc/ssl/certs/861a399d.0	1487032711
etc/ssl/certs/861e0100.0	1487032711
etc/ssl/certs/876f1e28.0	1487032711
etc/ssl/certs/8867006a.0	1487032711
etc/ssl/certs/88f89ea7.0	1487032711
etc/ssl/certs/8b59b1ad.0	1487032711
etc/ssl/certs/8d86cdd1.0	1487032711
etc/ssl/certs/8e52d3cd.0	1487032711
etc/ssl/certs/9007ae68.0	1487032711
etc/ssl/certs/930ac5d2.0	1487032711
etc/ssl/certs/93bc0acc.0	1487032711
etc/ssl/certs/988a38cb.0	1487032711
etc/ssl/certs/98ec67f0.0	1487032711
etc/ssl/certs/9c2e7d30.0	1487032711
etc/ssl/certs/9c472bf7.0	1487032711
etc/ssl/certs/9c8dfbd4.0	1487032711
etc/ssl/certs/9d04f354.0	1487032711
etc/ssl/certs/9d520b32.0	1487032711
etc/ssl/certs/9f541fb4.0	1487032711
etc/ssl/certs/a5fd78f0.0	1487032711
etc/ssl/certs/a6a593ba.0	1487032711
etc/ssl/certs/a760e1bd.0	1487032711
etc/ssl/certs/a8dee976.0	1487032711
etc/ssl/certs/a94d09e5.0	1487032711
etc/ssl/certs/ACCVRAIZ1.crt	1470252305
etc/ssl/certs/ACEDICOM_Root.crt	1470252305
etc/ssl/certs/AC_Raíz_Certicámara_S.A..crt	1470252305
etc/ssl/certs/Actalis_Authentication_Root_CA.crt	1470252305
etc/ssl/certs/ad088e1d.0	1487032711
etc/ssl/certs/AddTrust_External_Root.crt	1470252305
etc/ssl/certs/AddTrust_Low-Value_Services_Root.crt	1470252305
etc/ssl/certs/AddTrust_Public_Services_Root.crt	1470252305
etc/ssl/certs/AddTrust_Qualified_Certificates_Root.crt	1470252305
etc/ssl/certs/ae8153b9.0	1487032711
etc/ssl/certs/ae8153b9.1	1487032711
etc/ssl/certs/aee5f10d.0	1487032711
etc/ssl/certs/AffirmTrust_Commercial.crt	1470252305
etc/ssl/certs/AffirmTrust_Networking.crt	1470252305
etc/ssl/certs/AffirmTrust_Premium.crt	1470252305
etc/ssl/certs/AffirmTrust_Premium_ECC.crt	1470252305
etc/ssl/certs/America_Online_Root_Certification_Authority_1.crt	1470252305
etc/ssl/certs/America_Online_Root_Certification_Authority_2.crt	1470252305
etc/ssl/certs/ApplicationCA_-_Japanese_Government.crt	1470252305
etc/ssl/certs/Atos_TrustedRoot_2011.crt	1470252305
etc/ssl/certs/A-Trust-nQual-03.crt	1470252305
etc/ssl/certs/Autoridad_de_Certificacion_Firmaprofesional_CIF_A62634068.crt	1470252305
etc/ssl/certs/b1159c4c.0	1487032711
etc/ssl/certs/b13cc6df.0	1487032711
etc/ssl/certs/b1b8a7f3.0	1487032711
etc/ssl/certs/b204d74a.0	1487032711
etc/ssl/certs/b42ff584.0	1487032711
etc/ssl/certs/b66938e9.0	1487032711
etc/ssl/certs/b6c5745d.0	1487032711
etc/ssl/certs/b727005e.0	1487032711
etc/ssl/certs/b7a5b843.0	1487032711
etc/ssl/certs/b7e7231a.0	1487032711
etc/ssl/certs/b8e83700.0	1487032711
etc/ssl/certs/ba89ed3b.0	1487032711
etc/ssl/certs/bad35b78.0	1487032711
etc/ssl/certs/Baltimore_CyberTrust_Root.crt	1470252305
etc/ssl/certs/bb2d49a0.0	1487032711
etc/ssl/certs/bd1910d4.0	1487032711
etc/ssl/certs/Buypass_Class_2_CA_1.crt	1470252305
etc/ssl/certs/Buypass_Class_2_Root_CA.crt	1470252305
etc/ssl/certs/Buypass_Class_3_CA_1.crt	1470252305
etc/ssl/certs/Buypass_Class_3_Root_CA.crt	1470252305
etc/ssl/certs/c01cdfa2.0	1487032711
etc/ssl/certs/c089bbbd.0	1487032711
etc/ssl/certs/c0ff1f52.0	1487032711
etc/ssl/certs/c28a8a30.0	1487032711
etc/ssl/certs/c47d9980.0	1487032711
etc/ssl/certs/c5d3212a.0	1487032711
etc/ssl/certs/c5e082db.0	1487032711
etc/ssl/certs/c692a373.0	1487032711
etc/ssl/certs/c8841d13.0	1487032711
etc/ssl/certs/c99398f3.0	1487032711
etc/ssl/certs/c9f83a1c.0	1487032711
etc/ssl/certs/ca6e4ad9.0	1487032711
etc/ssl/certs/CA_Disig.crt	1470252305
etc/ssl/certs/CA_Disig_Root_R1.crt	1470252305
etc/ssl/certs/CA_Disig_Root_R2.crt	1470252305
etc/ssl/certs/Camerfirma_Chambers_of_Commerce_Root.crt	1470252305
etc/ssl/certs/Camerfirma_Global_Chambersign_Root.crt	1470252305
etc/ssl/certs/cb357862.0	1487032711
etc/ssl/certs/cb59f961.0	1487032711
etc/ssl/certs/cbeee9e2.0	1487032711
etc/ssl/certs/cbf06781.0	1487032711
etc/ssl/certs/cc450945.0	1487032711
etc/ssl/certs/cd58d51e.0	1487032711
etc/ssl/certs/Certigna.crt	1470252305
etc/ssl/certs/Certinomis_-_Autorité_Racine.crt	1470252305
etc/ssl/certs/Certplus_Class_2_Primary_CA.crt	1470252305
etc/ssl/certs/certSIGN_ROOT_CA.crt	1470252305
etc/ssl/certs/Certum_Root_CA.crt	1470252305
etc/ssl/certs/Certum_Trusted_Network_CA.crt	1470252305
etc/ssl/certs/cfa1c2ee.0	1487032711
etc/ssl/certs/Chambers_of_Commerce_Root_-_2008.crt	1470252305
etc/ssl/certs/China_Internet_Network_Information_Center_EV_Certificates_Root.crt	1470252305
etc/ssl/certs/CNNIC_ROOT.crt	1470252305
etc/ssl/certs/Comodo_AAA_Services_root.crt	1470252305
etc/ssl/certs/COMODO_Certification_Authority.crt	1470252305
etc/ssl/certs/COMODO_ECC_Certification_Authority.crt	1470252305
etc/ssl/certs/Comodo_Secure_Services_root.crt	1470252305
etc/ssl/certs/Comodo_Trusted_Services_root.crt	1470252305
etc/ssl/certs/ComSign_CA.crt	1470252305
etc/ssl/certs/ComSign_Secured_CA.crt	1470252305
etc/ssl/certs/Cybertrust_Global_Root.crt	1470252305
etc/ssl/certs/d4dae3dd.0	1487032711
etc/ssl/certs/d7e8dc79.0	1487032711
etc/ssl/certs/d853d49e.0	1487032711
etc/ssl/certs/d957f522.0	1487032711
etc/ssl/certs/d9d12c58.0	1487032711
etc/ssl/certs/dc45b0bd.0	1487032711
etc/ssl/certs/dd8e9d41.0	1487032711
etc/ssl/certs/Deutsche_Telekom_Root_CA_2.crt	1470252305
etc/ssl/certs/DigiCert_Assured_ID_Root_CA.crt	1470252305
etc/ssl/certs/DigiCert_Assured_ID_Root_G2.crt	1470252305
etc/ssl/certs/DigiCert_Assured_ID_Root_G3.crt	1470252305
etc/ssl/certs/DigiCert_Global_Root_CA.crt	1470252305
etc/ssl/certs/DigiCert_Global_Root_G2.crt	1470252305
etc/ssl/certs/DigiCert_Global_Root_G3.crt	1470252305
etc/ssl/certs/DigiCert_High_Assurance_EV_Root_CA.crt	1470252305
etc/ssl/certs/DigiCert_Trusted_Root_G4.crt	1470252305
etc/ssl/certs/Digital_Signature_Trust_Co._Global_CA_1.crt	1470252305
etc/ssl/certs/Digital_Signature_Trust_Co._Global_CA_3.crt	1470252305
etc/ssl/certs/DST_ACES_CA_X6.crt	1470252305
etc/ssl/certs/DST_Root_CA_X3.crt	1470252305
etc/ssl/certs/D-TRUST_Root_Class_3_CA_2_2009.crt	1470252305
etc/ssl/certs/D-TRUST_Root_Class_3_CA_2_EV_2009.crt	1470252305
etc/ssl/certs/e113c810.0	1487032711
etc/ssl/certs/e18bfb83.0	1487032711
etc/ssl/certs/e2799e36.0	1487032711
etc/ssl/certs/e36a6752.0	1487032711
etc/ssl/certs/e536d871.0	1487032711
etc/ssl/certs/e8de2f56.0	1487032711
etc/ssl/certs/eacdeb40.0	1487032711
etc/ssl/certs/EBG_Elektronik_Sertifika_Hizmet_Sağlayıcısı.crt	1470252305
etc/ssl/certs/ec87c655.0	1487032711
etc/ssl/certs/EC-ACC.crt	1470252305
etc/ssl/certs/ee1365c0.0	1487032711
etc/ssl/certs/ee64a828.0	1487032711
etc/ssl/certs/EE_Certification_Centre_Root_CA.crt	1470252305
etc/ssl/certs/eed8c118.0	1487032711
etc/ssl/certs/ef2f636c.0	1487032711
etc/ssl/certs/E-Guven_Kok_Elektronik_Sertifika_Hizmet_Saglayicisi.crt	1470252305
etc/ssl/certs/Entrust.net_Premium_2048_Secure_Server_CA.crt	1470252305
etc/ssl/certs/Entrust_Root_Certification_Authority.crt	1470252305
etc/ssl/certs/ePKI_Root_Certification_Authority.crt	1470252305
etc/ssl/certs/Equifax_Secure_CA.crt	1470252305
etc/ssl/certs/Equifax_Secure_eBusiness_CA_1.crt	1470252305
etc/ssl/certs/Equifax_Secure_Global_eBusiness_CA.crt	1470252305
etc/ssl/certs/E-Tugra_Certification_Authority.crt	1470252305
etc/ssl/certs/f060240e.0	1487032711
etc/ssl/certs/f081611a.0	1487032711
etc/ssl/certs/f3377b1b.0	1487032711
etc/ssl/certs/f387163d.0	1487032711
etc/ssl/certs/f39fc864.0	1487032711
etc/ssl/certs/f90208f7.0	1487032711
etc/ssl/certs/fcac10e3.0	1487032711
etc/ssl/certs/GeoTrust_Global_CA_2.crt	1470252305
etc/ssl/certs/GeoTrust_Global_CA.crt	1470252305
etc/ssl/certs/GeoTrust_Primary_Certification_Authority.crt	1470252305
etc/ssl/certs/GeoTrust_Primary_Certification_Authority_-_G2.crt	1470252305
etc/ssl/certs/GeoTrust_Primary_Certification_Authority_-_G3.crt	1470252305
etc/ssl/certs/GeoTrust_Universal_CA_2.crt	1470252305
etc/ssl/certs/GeoTrust_Universal_CA.crt	1470252305
etc/ssl/certs/Global_Chambersign_Root_-_2008.crt	1470252305
etc/ssl/certs/GlobalSign_Root_CA.crt	1470252305
etc/ssl/certs/GlobalSign_Root_CA_-_R2.crt	1470252305
etc/ssl/certs/GlobalSign_Root_CA_-_R3.crt	1470252305
etc/ssl/certs/Go_Daddy_Class_2_CA.crt	1470252305
etc/ssl/certs/Go_Daddy_Root_Certificate_Authority_-_G2.crt	1470252305
etc/ssl/certs/GTE_CyberTrust_Global_Root.crt	1470252305
etc/ssl/certs/Hellenic_Academic_and_Research_Institutions_RootCA_2011.crt	1470252305
etc/ssl/certs/Hongkong_Post_Root_CA_1.crt	1470252305
etc/ssl/certs/IGC_A.crt	1470252305
etc/ssl/certs/Izenpe.com.crt	1470252305
etc/ssl/certs/Juur-SK.crt	1470252305
etc/ssl/certs/Microsec_e-Szigno_Root_CA_2009.crt	1470252305
etc/ssl/certs/Microsec_e-Szigno_Root_CA.crt	1470252305
etc/ssl/certs/NetLock_Arany_=Class_Gold=_Főtanúsítvány.crt	1470252305
etc/ssl/certs/NetLock_Business_=Class_B=_Root.crt	1470252305
etc/ssl/certs/NetLock_Express_=Class_C=_Root.crt	1470252305
etc/ssl/certs/NetLock_Notary_=Class_A=_Root.crt	1470252305
etc/ssl/certs/NetLock_Qualified_=Class_QA=_Root.crt	1470252305
etc/ssl/certs/Network_Solutions_Certificate_Authority.crt	1470252305
etc/ssl/certs/OISTE_WISeKey_Global_Root_GA_CA.crt	1470252305
etc/ssl/certs/PSCProcert.crt	1470252305
etc/ssl/certs/QuoVadis_Root_CA_1_G3.crt	1470252305
etc/ssl/certs/QuoVadis_Root_CA_2.crt	1470252305
etc/ssl/certs/QuoVadis_Root_CA_2_G3.crt	1470252305
etc/ssl/certs/QuoVadis_Root_CA_3.crt	1470252305
etc/ssl/certs/QuoVadis_Root_CA_3_G3.crt	1470252305
etc/ssl/certs/QuoVadis_Root_CA.crt	1470252305
etc/ssl/certs/Root_CA_Generalitat_Valenciana.crt	1470252305
etc/ssl/certs/RSA_Security_2048_v3.crt	1470252305
etc/ssl/certs/Secure_Global_CA.crt	1470252305
etc/ssl/certs/SecureSign_RootCA11.crt	1470252305
etc/ssl/certs/SecureTrust_CA.crt	1470252305
etc/ssl/certs/Security_Communication_EV_RootCA1.crt	1470252305
etc/ssl/certs/Security_Communication_RootCA2.crt	1470252305
etc/ssl/certs/Security_Communication_Root_CA.crt	1470252305
etc/ssl/certs/SG_TRUST_SERVICES_RACINE.crt	1470252305
etc/ssl/certs/Sonera_Class_1_Root_CA.crt	1470252305
etc/ssl/certs/Sonera_Class_2_Root_CA.crt	1470252305
etc/ssl/certs/spi-cacert-2008.crt	1470252305
etc/ssl/certs/Staat_der_Nederlanden_Root_CA.crt	1470252305
etc/ssl/certs/Staat_der_Nederlanden_Root_CA_-_G2.crt	1470252305
etc/ssl/certs/Starfield_Class_2_CA.crt	1470252305
etc/ssl/certs/Starfield_Root_Certificate_Authority_-_G2.crt	1470252305
etc/ssl/certs/Starfield_Services_Root_Certificate_Authority_-_G2.crt	1470252305
etc/ssl/certs/StartCom_Certification_Authority_2.crt	1470252305
etc/ssl/certs/StartCom_Certification_Authority.crt	1470252305
etc/ssl/certs/StartCom_Certification_Authority_G2.crt	1470252305
etc/ssl/certs/S-TRUST_Authentication_and_Encryption_Root_CA_2005_PN.crt	1470252305
etc/ssl/certs/Swisscom_Root_CA_1.crt	1470252305
etc/ssl/certs/Swisscom_Root_CA_2.crt	1470252305
etc/ssl/certs/Swisscom_Root_EV_CA_2.crt	1470252305
etc/ssl/certs/SwissSign_Gold_CA_-_G2.crt	1470252305
etc/ssl/certs/SwissSign_Platinum_CA_-_G2.crt	1470252305
etc/ssl/certs/SwissSign_Silver_CA_-_G2.crt	1470252305
etc/ssl/certs/Taiwan_GRCA.crt	1470252305
etc/ssl/certs/TC_TrustCenter_Class_2_CA_II.crt	1470252305
etc/ssl/certs/TC_TrustCenter_Class_3_CA_II.crt	1470252305
etc/ssl/certs/TC_TrustCenter_Universal_CA_I.crt	1470252305
etc/ssl/certs/TeliaSonera_Root_CA_v1.crt	1470252305
etc/ssl/certs/Thawte_Premium_Server_CA.crt	1470252305
etc/ssl/certs/thawte_Primary_Root_CA.crt	1470252305
etc/ssl/certs/thawte_Primary_Root_CA_-_G2.crt	1470252305
etc/ssl/certs/thawte_Primary_Root_CA_-_G3.crt	1470252305
etc/ssl/certs/Thawte_Server_CA.crt	1470252305
etc/ssl/certs/Trustis_FPS_Root_CA.crt	1470252305
etc/ssl/certs/T-TeleSec_GlobalRoot_Class_2.crt	1470252305
etc/ssl/certs/T-TeleSec_GlobalRoot_Class_3.crt	1470252305
etc/ssl/certs/TÜBİTAK_UEKAE_Kök_Sertifika_Hizmet_Sağlayıcısı_-_Sürüm_3.crt	1470252305
etc/ssl/certs/TURKTRUST_Certificate_Services_Provider_Root_1.crt	1470252305
etc/ssl/certs/TURKTRUST_Certificate_Services_Provider_Root_2007.crt	1470252305
etc/ssl/certs/TURKTRUST_Certificate_Services_Provider_Root_2.crt	1470252305
etc/ssl/certs/TWCA_Global_Root_CA.crt	1470252305
etc/ssl/certs/TWCA_Root_Certification_Authority.crt	1470252305
etc/ssl/certs/UTN_DATACorp_SGC_Root_CA.crt	1470252305
etc/ssl/certs/UTN_USERFirst_Email_Root_CA.crt	1470252305
etc/ssl/certs/UTN_USERFirst_Hardware_Root_CA.crt	1470252305
etc/ssl/certs/Verisign_Class_1_Public_Primary_Certification_Authority.crt	1470252305
etc/ssl/certs/Verisign_Class_1_Public_Primary_Certification_Authority_-_G2.crt	1470252305
etc/ssl/certs/Verisign_Class_1_Public_Primary_Certification_Authority_-_G3.crt	1470252305
etc/ssl/certs/Verisign_Class_2_Public_Primary_Certification_Authority_-_G2.crt	1470252305
etc/ssl/certs/Verisign_Class_2_Public_Primary_Certification_Authority_-_G3.crt	1470252305
etc/ssl/certs/Verisign_Class_3_Public_Primary_Certification_Authority_2.crt	1470252305
etc/ssl/certs/Verisign_Class_3_Public_Primary_Certification_Authority.crt	1470252305
etc/ssl/certs/Verisign_Class_3_Public_Primary_Certification_Authority_-_G2.crt	1470252305
etc/ssl/certs/Verisign_Class_3_Public_Primary_Certification_Authority_-_G3.crt	1470252305
etc/ssl/certs/VeriSign_Class_3_Public_Primary_Certification_Authority_-_G4.crt	1470252305
etc/ssl/certs/VeriSign_Class_3_Public_Primary_Certification_Authority_-_G5.crt	1470252305
etc/ssl/certs/Verisign_Class_4_Public_Primary_Certification_Authority_-_G3.crt	1470252305
etc/ssl/certs/VeriSign_Universal_Root_Certification_Authority.crt	1470252305
etc/ssl/certs/Visa_eCommerce_Root.crt	1470252305
etc/ssl/certs/WellsSecure_Public_Root_Certificate_Authority.crt	1470252305
etc/ssl/certs/WoSign_China.crt	1470252305
etc/ssl/certs/WoSign.crt	1470252305
etc/ssl/certs/XRamp_Global_CA_Root.crt	1470252305
etc/strongswan.conf	1487032717
etc/strongswan.d	1470252641
etc/strongswan.d/charon	1487032717
etc/strongswan.d/charon/aes.conf	1470252634
etc/strongswan.d/charon/attr.conf	1470252634
etc/strongswan.d/charon/constraints.conf	1470252634
etc/strongswan.d/charon/des.conf	1470252635
etc/strongswan.d/charon/dhcp.conf	1470252641
etc/strongswan.d/charon/dnskey.conf	1470252635
etc/strongswan.d/charon/farp.conf	1470252641
etc/strongswan.d/charon/fips-prf.conf	1470252635
etc/strongswan.d/charon/gmp.conf	1470252636
etc/strongswan.d/charon/hmac.conf	1470252636
etc/strongswan.d/charon/kernel-netlink.conf	1470252636
etc/strongswan.d/charon/md5.conf	1470252637
etc/strongswan.d/charon/nonce.conf	1470252636
etc/strongswan.d/charon/pem.conf	1470252637
etc/strongswan.d/charon/pgp.conf	1470252637
etc/strongswan.d/charon/pkcs1.conf	1470252637
etc/strongswan.d/charon/pubkey.conf	1470252637
etc/strongswan.d/charon/random.conf	1470252638
etc/strongswan.d/charon/resolve.conf	1470252638
etc/strongswan.d/charon/revocation.conf	1470252638
etc/strongswan.d/charon/sha1.conf	1470252635
etc/strongswan.d/charon/sha2.conf	1470252638
etc/strongswan.d/charon/socket-default.conf	1470252639
etc/strongswan.d/charon/stroke.conf	1470252639
etc/strongswan.d/charon/updown.conf	1470252639
etc/strongswan.d/charon/x509.conf	1470252640
etc/strongswan.d/charon/xauth-generic.conf	1470252640
etc/strongswan.d/charon/xcbc.conf	1470252640
etc/sysctl.conf	1441745924
etc/sysupgrade.conf	1422992195
etc/TZ	1487032711
etc/uci-defaults/03_network_migration	1422992196
etc/uci-defaults/09_fix_crc	1422992196
etc/uci-defaults/10_migrate-shadow	1422992195
etc/uci-defaults/11_migrate-sysctl	1422992195
etc/uci-defaults/12_network-generate-ula	1422992195
etc/uci-defaults	1487032717
etc/uci-defaults/14_luxul_noscan	1487032717
etc/uci-defaults/15_luxul_wanmac	1487032717
etc/uci-defaults/85_luxul_uuid	1487032717
etc/uci-defaults/86_luxul_vpnmigrate	1487032717
etc/uci-defaults/90_luxul_fwman	1487032717
etc/uci-defaults/90_luxul_php	1487032717
etc/uci-defaults/90_luxul_trl	1485819648
etc/uci-defaults/99_luxul_system	1487032717
etc/uci-defaults/99-miniupnpd	1470252523
etc/xl2tpd	1487032717
etc/xl2tpd/xl2tpd.conf	1487032717
etc/xl2tpd/xl2tp-secrets	1470252518
lib	1470252518
lib/config	1487032714
lib/config/uci.sh	1422992196
lib/firmware	1470252524
lib/functions	1487032711
lib/functions/leds.sh	1422992195
lib/functions/network.sh	1422992195
lib/functions/preinit.sh	1422992195
lib/functions/procd.sh	1470252519
lib/functions/service.sh	1422992195
lib/functions.sh	1422992195
lib/functions/system.sh	1422992195
lib/functions/uci-defaults.sh	1422992195
lib/ld-uClibc-0.9.33.2.so	1470252292
lib/ld-uClibc.so.0	1487032711
lib/libblobmsg_json.so	1470252372
lib/libcrypt-0.9.33.2.so	1470252292
lib/libcrypt.so.0	1487032711
lib/libc.so.0	1487032711
lib/libdl-0.9.33.2.so	1470252292
lib/libdl.so.0	1487032711
lib/libfstools.so	1470252492
lib/libgcc_s.so.1	1470252292
lib/libjson_script.so	1470252372
lib/libm-0.9.33.2.so	1470252292
lib/libm.so.0	1487032711
lib/libpthread-0.9.33.2.so	1470252293
lib/libpthread.so.0	1487032714
lib/librt-0.9.33.2.so	1470252294
lib/librt.so.0	1487032714
lib/libubox.so	1470252371
lib/libubus.so	1470252419
lib/libuci.so	1470252420
lib/libuClibc-0.9.33.2.so	1470252292
lib/libutil-0.9.33.2.so	1470252292
lib/libutil.so.0	1487032711
lib/libvalidate.so	1470252435
lib/modules	1487032662
lib/modules/3.10.49	1487032715
lib/modules/3.10.49/act_connmark.ko	1472686936
lib/modules/3.10.49/act_mirred.ko	1472686935
lib/modules/3.10.49/act_skbedit.ko	1472686935
lib/modules/3.10.49/aead.ko	1472686852
lib/modules/3.10.49/af_key.ko	1472686909
lib/modules/3.10.49/ah4.ko	1472686912
lib/modules/3.10.49/ah6.ko	1472686915
lib/modules/3.10.49/arc4.ko	1472686859
lib/modules/3.10.49/authenc.ko	1472686861
lib/modules/3.10.49/bcma-hcd.ko	1472686946
lib/modules/3.10.49/cbc.ko	1472686862
lib/modules/3.10.49/chainiv.ko	1472686857
lib/modules/3.10.49/cls_flow.ko	1472686935
lib/modules/3.10.49/cls_fw.ko	1472686935
lib/modules/3.10.49/cls_route.ko	1472686934
lib/modules/3.10.49/cls_tcindex.ko	1472686934
lib/modules/3.10.49/cls_u32.ko	1472686934
lib/modules/3.10.49/crc-ccitt.ko	1472686879
lib/modules/3.10.49/crypto_blkcipher.ko	1472686849
lib/modules/3.10.49/crypto_hash.ko	1472686850
lib/modules/3.10.49/crypto_wq.ko	1472686854
lib/modules/3.10.49/deflate.ko	1472686866
lib/modules/3.10.49/des_generic.ko	1472686864
lib/modules/3.10.49/ecb.ko	1472686868
lib/modules/3.10.49/em_u32.ko	1472686935
lib/modules/3.10.49/eseqiv.ko	1472686857
lib/modules/3.10.49/esp4.ko	1472686912
lib/modules/3.10.49/esp6.ko	1472686915
lib/modules/3.10.49/gpio-button-hotplug.ko	1487032662
lib/modules/3.10.49/gre.ko	1472686920
lib/modules/3.10.49/hmac.ko	1472686870
lib/modules/3.10.49/ifb.ko	1472686882
lib/modules/3.10.49/ip6table_filter.ko	1472686905
lib/modules/3.10.49/ip6table_mangle.ko	1472686905
lib/modules/3.10.49/ip6table_raw.ko	1472686905
lib/modules/3.10.49/ip6_tables.ko	1472686905
lib/modules/3.10.49/ip6t_REJECT.ko	1472686905
lib/modules/3.10.49/ipcomp6.ko	1472686915
lib/modules/3.10.49/ipcomp.ko	1472686912
lib/modules/3.10.49/ip_gre.ko	1472686920
lib/modules/3.10.49/ip_set_bitmap_ip.ko	1487032707
lib/modules/3.10.49/ip_set_bitmap_ipmac.ko	1487032707
lib/modules/3.10.49/ip_set_bitmap_port.ko	1487032707
lib/modules/3.10.49/ip_set_hash_ip.ko	1487032707
lib/modules/3.10.49/ip_set_hash_ipportip.ko	1487032707
lib/modules/3.10.49/ip_set_hash_ipport.ko	1487032707
lib/modules/3.10.49/ip_set_hash_ipportnet.ko	1487032707
lib/modules/3.10.49/ip_set_hash_netiface.ko	1487032707
lib/modules/3.10.49/ip_set_hash_net.ko	1487032707
lib/modules/3.10.49/ip_set_hash_netport.ko	1487032707
lib/modules/3.10.49/ip_set.ko	1487032707
lib/modules/3.10.49/ip_set_list_set.ko	1487032707
lib/modules/3.10.49/iptable_filter.ko	1472686884
lib/modules/3.10.49/iptable_mangle.ko	1472686884
lib/modules/3.10.49/iptable_nat.ko	1472686896
lib/modules/3.10.49/iptable_raw.ko	1472686887
lib/modules/3.10.49/ip_tables.ko	1472686885
lib/modules/3.10.49/ipt_ah.ko	1472686894
lib/modules/3.10.49/ipt_ECN.ko	1472686892
lib/modules/3.10.49/ipt_MASQUERADE.ko	1472686896
lib/modules/3.10.49/ipt_REJECT.ko	1472686884
lib/modules/3.10.49/ip_tunnel.ko	1472686917
lib/modules/3.10.49/ipv6.ko	1472686904
lib/modules/3.10.49/krng.ko	1472686856
lib/modules/3.10.49/l2tp_core.ko	1472686930
lib/modules/3.10.49/l2tp_netlink.ko	1472686930
lib/modules/3.10.49/l2tp_ppp.ko	1472686931
lib/modules/3.10.49/ledtrig-heartbeat.ko	1472686874
lib/modules/3.10.49/luxulctf.ko	1487032662
lib/modules/3.10.49/md5.ko	1472686871
lib/modules/3.10.49/nf_conntrack_amanda.ko	1472686902
lib/modules/3.10.49/nf_conntrack_broadcast.ko	1472686901
lib/modules/3.10.49/nf_conntrack_ftp.ko	1472686899
lib/modules/3.10.49/nf_conntrack_h323.ko	1472686902
lib/modules/3.10.49/nf_conntrack_ipv4.ko	1472686887
lib/modules/3.10.49/nf_conntrack_ipv6.ko	1472686905
lib/modules/3.10.49/nf_conntrack_irc.ko	1472686899
lib/modules/3.10.49/nf_conntrack.ko	1472686887
lib/modules/3.10.49/nf_conntrack_pptp.ko	1472686901
lib/modules/3.10.49/nf_conntrack_proto_gre.ko	1472686901
lib/modules/3.10.49/nf_conntrack_sip.ko	1472686902
lib/modules/3.10.49/nf_conntrack_snmp.ko	1472686902
lib/modules/3.10.49/nf_conntrack_tftp.ko	1472686901
lib/modules/3.10.49/nf_defrag_ipv4.ko	1472686887
lib/modules/3.10.49/nf_defrag_ipv6.ko	1472686905
lib/modules/3.10.49/nf_nat_amanda.ko	1472686901
lib/modules/3.10.49/nf_nat_ftp.ko	1472686899
lib/modules/3.10.49/nf_nat_h323.ko	1472686902
lib/modules/3.10.49/nf_nat_ipv4.ko	1472686896
lib/modules/3.10.49/nf_nat_irc.ko	1472686899
lib/modules/3.10.49/nf_nat.ko	1472686896
lib/modules/3.10.49/nf_nat_pptp.ko	1472686901
lib/modules/3.10.49/nf_nat_proto_gre.ko	1472686902
lib/modules/3.10.49/nf_nat_sip.ko	1472686901
lib/modules/3.10.49/nf_nat_snmp_basic.ko	1472686902
lib/modules/3.10.49/nf_nat_tftp.ko	1472686902
lib/modules/3.10.49/nfnetlink.ko	1472686907
lib/modules/3.10.49/nls_base.ko	1472686938
lib/modules/3.10.49/ohci-hcd.ko	1472686947
lib/modules/3.10.49/ppp_async.ko	1472686924
lib/modules/3.10.49/ppp_generic.ko	1472686924
lib/modules/3.10.49/ppp_mppe.ko	1472686933
lib/modules/3.10.49/pppoe.ko	1472686927
lib/modules/3.10.49/pppox.ko	1472686926
lib/modules/3.10.49/pps_core.ko	1472686940
lib/modules/3.10.49/pptp.ko	1472686928
lib/modules/3.10.49/ptp.ko	1472686941
lib/modules/3.10.49/rng.ko	1472686856
lib/modules/3.10.49/sch_hfsc.ko	1472686934
lib/modules/3.10.49/sch_ingress.ko	1472686934
lib/modules/3.10.49/scsi_mod.ko	1472686847
lib/modules/3.10.49/sd_mod.ko	1472686847
lib/modules/3.10.49/sha1_generic.ko	1472686873
lib/modules/3.10.49/slhc.ko	1472686923
lib/modules/3.10.49/ts_bm.ko	1472686880
lib/modules/3.10.49/ts_fsm.ko	1472686880
lib/modules/3.10.49/ts_kmp.ko	1472686880
lib/modules/3.10.49/tun.ko	1472686921
lib/modules/3.10.49/tunnel4.ko	1472686910
lib/modules/3.10.49/tunnel6.ko	1472686914
lib/modules/3.10.49/uhci-hcd.ko	1472686945
lib/modules/3.10.49/ums-alauda.ko	1472686952
lib/modules/3.10.49/ums-cypress.ko	1472686952
lib/modules/3.10.49/ums-datafab.ko	1472686953
lib/modules/3.10.49/ums-freecom.ko	1472686952
lib/modules/3.10.49/ums-isd200.ko	1472686952
lib/modules/3.10.49/ums-jumpshot.ko	1472686953
lib/modules/3.10.49/ums-karma.ko	1472686952
lib/modules/3.10.49/ums-sddr09.ko	1472686952
lib/modules/3.10.49/ums-sddr55.ko	1472686952
lib/modules/3.10.49/ums-usbat.ko	1472686952
lib/modules/3.10.49/usb-common.ko	1472686943
lib/modules/3.10.49/usbcore.ko	1472686943
lib/modules/3.10.49/usblp.ko	1472686949
lib/modules/3.10.49/usb-storage.ko	1472686950
lib/modules/3.10.49/xfrm4_mode_beet.ko	1472686912
lib/modules/3.10.49/xfrm4_mode_transport.ko	1472686912
lib/modules/3.10.49/xfrm4_mode_tunnel.ko	1472686912
lib/modules/3.10.49/xfrm4_tunnel.ko	1472686912
lib/modules/3.10.49/xfrm6_mode_beet.ko	1472686915
lib/modules/3.10.49/xfrm6_mode_transport.ko	1472686915
lib/modules/3.10.49/xfrm6_mode_tunnel.ko	1472686915
lib/modules/3.10.49/xfrm6_tunnel.ko	1472686915
lib/modules/3.10.49/xfrm_algo.ko	1472686909
lib/modules/3.10.49/xfrm_ipcomp.ko	1472686909
lib/modules/3.10.49/xfrm_user.ko	1472686909
lib/modules/3.10.49/x_tables.ko	1472686884
lib/modules/3.10.49/xt_CLASSIFY.ko	1472686892
lib/modules/3.10.49/xt_comment.ko	1472686885
lib/modules/3.10.49/xt_connbytes.ko	1472686889
lib/modules/3.10.49/xt_connlimit.ko	1472686889
lib/modules/3.10.49/xt_connmark.ko	1472686889
lib/modules/3.10.49/xt_conntrack.ko	1472686887
lib/modules/3.10.49/xt_CT.ko	1472686887
lib/modules/3.10.49/xt_dscp.ko	1472686892
lib/modules/3.10.49/xt_DSCP.ko	1472686892
lib/modules/3.10.49/xt_ecn.ko	1472686892
lib/modules/3.10.49/xt_esp.ko	1472686894
lib/modules/3.10.49/xt_helper.ko	1472686889
lib/modules/3.10.49/xt_hl.ko	1472686892
lib/modules/3.10.49/xt_HL.ko	1472686892
lib/modules/3.10.49/xt_id.ko	1472686885
lib/modules/3.10.49/xt_length.ko	1472686892
lib/modules/3.10.49/xt_limit.ko	1472686885
lib/modules/3.10.49/xt_LOG.ko	1472686885
lib/modules/3.10.49/xt_mac.ko	1472686884
lib/modules/3.10.49/xt_mark.ko	1472686884
lib/modules/3.10.49/xt_multiport.ko	1472686884
lib/modules/3.10.49/xt_nat.ko	1472686896
lib/modules/3.10.49/xt_NETMAP.ko	1472686898
lib/modules/3.10.49/xt_policy.ko	1472686894
lib/modules/3.10.49/xt_recent.ko	1472686889
lib/modules/3.10.49/xt_REDIRECT.ko	1472686896
lib/modules/3.10.49/xt_set.ko	1487032707
lib/modules/3.10.49/xt_state.ko	1472686887
lib/modules/3.10.49/xt_statistic.ko	1472686892
lib/modules/3.10.49/xt_string.ko	1472686890
lib/modules/3.10.49/xt_TCPMSS.ko	1472686884
lib/modules/3.10.49/xt_tcpmss.ko	1472686892
lib/modules/3.10.49/xt_tcpudp.ko	1472686885
lib/modules/3.10.49/xt_time.ko	1472686885
lib/modules/3.10.49/zlib_deflate.ko	1472686865
lib/modules/3.10.49/zlib_inflate.ko	1472686865
lib/netifd	1470252518
lib/netifd/dhcp.script	1422992196
lib/netifd/dhcpv6.script	1470252482
lib/netifd/netifd-proto.sh	1441835238
lib/netifd/netifd-wireless.sh	1441835238
lib/netifd/ppp-down	1470252455
lib/netifd/ppp-up	1470252455
lib/netifd/proto	1487032717
lib/netifd/proto/dhcp.sh	1441745924
lib/netifd/proto/dhcpv6.sh	1470252482
lib/netifd/proto/l2tp.sh	1470252518
lib/netifd/proto/ppp.sh	1470252455
lib/netifd/utils.sh	1441835237
lib/network	1487032714
lib/network/config.sh	1422992196
lib/network/switch.sh	1470252423
lib/preinit/02_default_set_state	1422992195
lib/preinit/05_init_interfaces_brcm	1422992196
lib/preinit/10_indicate_failsafe	1422992195
lib/preinit/10_indicate_preinit	1422992195
lib/preinit	1487032711
lib/preinit/15_set_preinit_interface_brcm	1422992196
lib/preinit/30_failsafe_wait	1457041756
lib/preinit/40_run_failsafe_hook	1457041773
lib/preinit/50_indicate_regular_preinit	1422992195
lib/preinit/70_initramfs_test	1422992195
lib/preinit/80_mount_root	1422992195
lib/preinit/99_10_failsafe_login	1422992195
lib/preinit/99_10_run_init	1422992195
lib/upgrade	1470252633
lib/upgrade/common.sh	1433955890
lib/upgrade/keep.d	1487032716
lib/upgrade/keep.d/base-files	1470252524
lib/upgrade/keep.d/base-files-essential	1441745924
lib/upgrade/keep.d/ppp	1470252455
lib/upgrade/keep.d/strongswan	1470252633
lib/upgrade/platform.sh	1433955890
mnt	1470252524
overlay	1470252524
proc	1470252524
rom	1487032711
rom/note	1422992195
root	1487032717
root/.ssh	1487032717
root/.ssh/authorized_keys	1487032717
sbin	1487032717
sbin/askfirst	1470252519
sbin/devstatus	1422992196
sbin/discover.sh	1487032717
sbin/dn_reload	1487032717
sbin/envram	1470252300
sbin/fd.sh	1487032717
sbin/firstboot	1422992195
sbin/fw3	1470252526
sbin/halt	1487032711
sbin/hotplug-call	1422992195
sbin/hwclock	1487032711
sbin/ifconfig	1487032711
sbin/ifdown	1487032711
sbin/ifstatus	1422992196
sbin/ifup	1422992196
sbin/init	1470252519
sbin/insmod	1487032711
sbin/jffs2mark	1487032712
sbin/jffs2reset	1470252492
sbin/kmodloader	1470252435
sbin/led.sh	1422992195
sbin/logd	1470252435
sbin/logread	1470252435
sbin/logview.sh	1487032717
sbin/lsmod	1487032711
sbin/lxconfig.sh	1487032717
sbin/mkswap	1487032711
sbin/mount_root	1470252492
sbin/mtd	1470252414
sbin/netifd	1470252433
sbin/nvram_clr.sh	1487032717
sbin/pivot_root	1487032711
sbin/poweroff	1487032711
sbin/procd	1470252519
sbin/reboot	1487032711
sbin/reload_config	1470252519
sbin/rmmod	1487032711
sbin/route	1487032711
sbin/snapshot	1470252492
sbin/snapshot_tool	1470252492
sbin/start-stop-daemon	1487032711
sbin/swapoff	1487032711
sbin/swapon	1487032711
sbin/swconfig	1470252423
sbin/switch_root	1487032711
sbin/sysctl	1487032711
sbin/sysupgrade	1422992195
sbin/ubusd	1470252420
sbin/uci	1470252420
sbin/udevtrigger	1470252519
sbin/udhcpc	1487032711
sbin/update_leds.sh	1487032717
sbin/validate_data	1470252435
sbin/vconfig	1487032711
sbin/wifi	1422992195
sbin/wl	1470252524
sys	1470252524
tmp	1487032717
usr	1470252523
usr/bin/[	1487032711
usr/bin/[[	1487032711
usr/bin	1487032717
usr/bin/awk	1487032711
usr/bin/basename	1487032711
usr/bin/bunzip2	1487032711
usr/bin/bzcat	1487032711
usr/bin/clear	1487032711
usr/bin/cmp	1487032711
usr/bin/crontab	1487032711
usr/bin/cut	1487032711
usr/bin/dirname	1487032711
usr/bin/dnsfilter	1470252384
usr/bin/dnsip	1470252384
usr/bin/dnsipq	1470252384
usr/bin/dnsmx	1470252384
usr/bin/dnsname	1470252384
usr/bin/dnsnamex	1470252384
usr/bin/dnsq	1470252384
usr/bin/dnsqr	1470252384
usr/bin/dnsqrx	1470252384
usr/bin/dnsroots-update	1470252384
usr/bin/dnstrace	1470252384
usr/bin/dnstracesort	1470252384
usr/bin/dnstxt	1470252384
usr/bin/du	1487032711
usr/bin/env	1487032711
usr/bin/expr	1487032711
usr/bin/find	1487032711
usr/bin/free	1487032711
usr/bin/head	1487032711
usr/bin/hexdump	1487032711
usr/bin/hostid	1487032711
usr/bin/id	1487032711
usr/bin/iperf	1470252415
usr/bin/jshn	1470252372
usr/bin/jsonfilter	1470252422
usr/bin/killall	1487032711
usr/bin/less	1487032711
usr/bin/logger	1487032711
usr/bin/lsusb	1470253097
usr/bin/md5sum	1487032711
usr/bin/mkfifo	1487032711
usr/bin/nc	1487032711
usr/bin/nslookup	1487032711
usr/bin/otrx	1470252364
usr/bin/passwd	1487032711
usr/bin/pgrep	1487032711
usr/bin/php-cgi	1487032679
usr/bin/php-fcgi	1487032715
usr/bin/pki	1470252634
usr/bin/printf	1487032711
usr/bin/qos-start	1422992196
usr/bin/qos-stat	1422992196
usr/bin/qos-stop	1422992196
usr/bin/random-ip	1470252384
usr/bin/readlink	1487032711
usr/bin/reset	1487032711
usr/bin/resolveip	1470252313
usr/bin/seq	1487032711
usr/bin/sort	1487032711
usr/bin/ssh-keygen	1470252632
usr/bin/strings	1487032711
usr/bin/tail	1487032711
usr/bin/tee	1487032711
usr/bin/telnet	1487032711
usr/bin/test	1487032711
usr/bin/time	1487032711
usr/bin/top	1487032711
usr/bin/tr	1487032711
usr/bin/traceroute	1487032711
usr/bin/uniq	1487032711
usr/bin/uptime	1487032711
usr/bin/wc	1487032711
usr/bin/wget	1487032711
usr/bin/which	1487032711
usr/bin/xargs	1487032711
usr/bin/yes	1487032711
usr/lib	1470252641
usr/lib/ddns	1487032716
usr/lib/ddns/dynamic_dns_functions.sh	1470252313
usr/lib/ddns/dynamic_dns_lucihelper.sh	1470252313
usr/lib/ddns/dynamic_dns_updater.sh	1470252313
usr/lib/ddns/getlocalip_sample.sh	1470252313
usr/lib/ddns/services	1470252313
usr/lib/ddns/services_ipv6	1470252313
usr/lib/ddns/tld_names.dat	1470252313
usr/lib/ddns/update_cloudflare.sh	1470252313
usr/lib/ddns/update_no-ip.sh	1470252313
usr/lib/ddns/update_sample.sh	1470252313
usr/lib/ipsec	1470252641
usr/lib/ipsec/charon	1470252633
usr/lib/ipsec/libcharon.so.0.0.0	1470252633
usr/lib/ipsec/libcharon.so.0	1487032716
usr/lib/ipsec/libhydra.so.0.0.0	1470252633
usr/lib/ipsec/libhydra.so.0	1487032716
usr/lib/ipsec/libstrongswan.so.0.0.0	1470252633
usr/lib/ipsec/libstrongswan.so.0	1487032716
usr/lib/ipsec/plugins	1487032717
usr/lib/ipsec/plugins/libstrongswan-aes.so	1470252634
usr/lib/ipsec/plugins/libstrongswan-attr.so	1470252634
usr/lib/ipsec/plugins/libstrongswan-constraints.so	1470252635
usr/lib/ipsec/plugins/libstrongswan-des.so	1470252635
usr/lib/ipsec/plugins/libstrongswan-dhcp.so	1470252641
usr/lib/ipsec/plugins/libstrongswan-dnskey.so	1470252635
usr/lib/ipsec/plugins/libstrongswan-farp.so	1470252641
usr/lib/ipsec/plugins/libstrongswan-fips-prf.so	1470252635
usr/lib/ipsec/plugins/libstrongswan-gmp.so	1470252636
usr/lib/ipsec/plugins/libstrongswan-hmac.so	1470252636
usr/lib/ipsec/plugins/libstrongswan-kernel-netlink.so	1470252636
usr/lib/ipsec/plugins/libstrongswan-md5.so	1470252637
usr/lib/ipsec/plugins/libstrongswan-nonce.so	1470252636
usr/lib/ipsec/plugins/libstrongswan-pem.so	1470252637
usr/lib/ipsec/plugins/libstrongswan-pgp.so	1470252637
usr/lib/ipsec/plugins/libstrongswan-pkcs1.so	1470252637
usr/lib/ipsec/plugins/libstrongswan-pubkey.so	1470252638
usr/lib/ipsec/plugins/libstrongswan-random.so	1470252638
usr/lib/ipsec/plugins/libstrongswan-resolve.so	1470252638
usr/lib/ipsec/plugins/libstrongswan-revocation.so	1470252638
usr/lib/ipsec/plugins/libstrongswan-sha1.so	1470252635
usr/lib/ipsec/plugins/libstrongswan-sha2.so	1470252638
usr/lib/ipsec/plugins/libstrongswan-socket-default.so	1470252639
usr/lib/ipsec/plugins/libstrongswan-stroke.so	1470252639
usr/lib/ipsec/plugins/libstrongswan-updown.so	1470252639
usr/lib/ipsec/plugins/libstrongswan-x509.so	1470252640
usr/lib/ipsec/plugins/libstrongswan-xauth-generic.so	1470252640
usr/lib/ipsec/plugins/libstrongswan-xcbc.so	1470252640
usr/lib/ipsec/scepclient	1470252634
usr/lib/ipsec/starter	1470252639
usr/lib/ipsec/stroke	1470252639
usr/lib/ipsec/_updown	1470252632
usr/lib/ipsec/_updown_espmark	1470252632
usr/lib/iptables	1487032712
usr/lib/iptables/libip6t_hl.so	1470252514
usr/lib/iptables/libip6t_HL.so	1470252514
usr/lib/iptables/libip6t_NETMAP.so	1470252514
usr/lib/iptables/libipt_ah.so	1470252514
usr/lib/iptables/libipt_ECN.so	1470252514
usr/lib/iptables/libipt_NETMAP.so	1470252514
usr/lib/iptables/libipt_ttl.so	1470252514
usr/lib/iptables/libipt_TTL.so	1470252514
usr/lib/iptables/libxt_CLASSIFY.so	1470252514
usr/lib/iptables/libxt_connbytes.so	1470252513
usr/lib/iptables/libxt_connlimit.so	1470252513
usr/lib/iptables/libxt_connmark.so	1470252513
usr/lib/iptables/libxt_CONNMARK.so	1470252513
usr/lib/iptables/libxt_dscp.so	1470252514
usr/lib/iptables/libxt_DSCP.so	1470252514
usr/lib/iptables/libxt_ecn.so	1470252514
usr/lib/iptables/libxt_esp.so	1470252514
usr/lib/iptables/libxt_helper.so	1470252513
usr/lib/iptables/libxt_length.so	1470252514
usr/lib/iptables/libxt_policy.so	1470252514
usr/lib/iptables/libxt_recent.so	1470252513
usr/lib/iptables/libxt_statistic.so	1470252514
usr/lib/iptables/libxt_string.so	1470252513
usr/lib/iptables/libxt_tcpmss.so	1470252514
usr/lib/iptables/libxt_tos.so	1470252514
usr/lib/iptables/libxt_TOS.so	1470252514
usr/lib/libcrypto.so.1.0.0	1470252533
usr/lib/libgmp.so.10	1487032713
usr/lib/libgmp.so.10.2.0	1470252479
usr/lib/libhowl.so.0.0.0	1470252333
usr/lib/libhowl.so.0	1487032716
usr/lib/libip4tc.so.0.1.0	1470252512
usr/lib/libip4tc.so.0	1487032712
usr/lib/libip4tc.so	1487032712
usr/lib/libip6tc.so.0.1.0	1470252512
usr/lib/libip6tc.so.0	1487032712
usr/lib/libip6tc.so	1487032712
usr/lib/libipset.so	1487032712
usr/lib/libipset.so.3	1487032712
usr/lib/libipset.so.3.2.0	1487032707
usr/lib/libjson-c.so.2.0.1	1470252312
usr/lib/libjson-c.so.2	1487032711
usr/lib/liblzo2.so	1487032714
usr/lib/liblzo2.so.2.0.0	1470252352
usr/lib/liblzo2.so.2	1487032714
usr/lib/libmDNSResponder.so.0.0.0	1470252333
usr/lib/libmDNSResponder.so.0	1487032716
usr/lib/libmnl.so.0.1.0	1470252315
usr/lib/libmnl.so.0	1487032712
usr/lib/libnfnetlink.so.0	1487032714
usr/lib/libnfnetlink.so.0.2.0	1470252366
usr/lib/libnl-tiny.so	1470252297
usr/lib/libnvram.so.0.1	1470252363
usr/lib/libpcreposix.so.0.0.3	1470252359
usr/lib/libpcreposix.so.0	1487032715
usr/lib/libpcre.so.1	1487032715
usr/lib/libpcre.so.1.2.4	1470252359
usr/lib/libssl.so.1.0.0	1470252533
usr/lib/libstdc++.so.6.0.19	1470252293
usr/lib/libstdc++.so.6.0.19-gdb.py	1431376042
usr/lib/libstdc++.so.6	1487032714
usr/lib/libuClibc++-0.2.4.so	1470252368
usr/lib/libuClibc++.so.0	1487032712
usr/lib/libusb-1.0.so.0.1.0	1470252362
usr/lib/libusb-1.0.so.0	1487032714
usr/lib/libusb-1.0.so	1487032714
usr/lib/libxtables.so.10.0.0	1470252512
usr/lib/libxtables.so.10	1487032712
usr/lib/libxtables.so	1487032712
usr/lib/libz.so.1	1487032714
usr/lib/libz.so.1.2.8	1470252302
usr/lib/libz.so	1487032714
usr/lib/lighttpd	1487032716
usr/lib/lighttpd/mod_access.so	1470252615
usr/lib/lighttpd/mod_auth.so	1470252615
usr/lib/lighttpd/mod_cgi.so	1470252615
usr/lib/lighttpd/mod_dirlisting.so	1470252614
usr/lib/lighttpd/mod_indexfile.so	1470252614
usr/lib/lighttpd/mod_redirect.so	1470252615
usr/lib/lighttpd/mod_rewrite.so	1470252616
usr/lib/lighttpd/mod_staticfile.so	1470252614
usr/lib/opkg	1487032717
usr/lib/opkg/info	1487032719
usr/lib/opkg/info/base-files.conffiles	1470252524
usr/lib/opkg/info/base-files.control	1470252524
usr/lib/opkg/info/base-files.list	1487032711
usr/lib/opkg/info/busybox.control	1470252412
usr/lib/opkg/info/busybox.list	1487032711
usr/lib/opkg/info/ca-certificates.control	1470252306
usr/lib/opkg/info/ca-certificates.list	1487032711
usr/lib/opkg/info/ddns-scripts.conffiles	1470252314
usr/lib/opkg/info/ddns-scripts.control	1470252314
usr/lib/opkg/info/ddns-scripts.list	1487032716
usr/lib/opkg/info/ddns-scripts.prerm	1470252314
usr/lib/opkg/info/djbdns-tools.control	1470252384
usr/lib/opkg/info/djbdns-tools.list	1487032716
usr/lib/opkg/info/dnsmasq.conffiles	1470252569
usr/lib/opkg/info/dnsmasq.control	1470252569
usr/lib/opkg/info/dnsmasq-dhcpv6.conffiles	1470252573
usr/lib/opkg/info/dnsmasq-dhcpv6.control	1470252573
usr/lib/opkg/info/dnsmasq-dhcpv6.list	1487032717
usr/lib/opkg/info/dnsmasq.list	1487032712
usr/lib/opkg/info/firewall.conffiles	1470252526
usr/lib/opkg/info/firewall.control	1470252526
usr/lib/opkg/info/firewall.list	1487032712
usr/lib/opkg/info/fstools.control	1470252492
usr/lib/opkg/info/fstools.list	1487032712
usr/lib/opkg/info/howl-mdnsresponder.conffiles	1470253085
usr/lib/opkg/info/howl-mdnsresponder.control	1470253085
usr/lib/opkg/info/howl-mdnsresponder.list	1487032716
usr/lib/opkg/info/ip6tables.control	1470252514
usr/lib/opkg/info/ip6tables.list	1487032712
usr/lib/opkg/info/ip.conffiles	1470252484
usr/lib/opkg/info/ip.control	1470252484
usr/lib/opkg/info/iperf.control	1470252415
usr/lib/opkg/info/iperf.list	1487032712
usr/lib/opkg/info/ip-full.conffiles	1470252512
usr/lib/opkg/info/ip-full.control	1470252512
usr/lib/opkg/info/ip-full.list	1487032717
usr/lib/opkg/info/ip.list	1487032712
usr/lib/opkg/info/ipset.control	1487032707
usr/lib/opkg/info/ipset.list	1487032712
usr/lib/opkg/info/iptables.control	1470252513
usr/lib/opkg/info/iptables.list	1487032712
usr/lib/opkg/info/iptables-mod-conntrack-extra.control	1470252513
usr/lib/opkg/info/iptables-mod-conntrack-extra.list	1487032712
usr/lib/opkg/info/iptables-mod-filter.control	1470252514
usr/lib/opkg/info/iptables-mod-filter.list	1487032712
usr/lib/opkg/info/iptables-mod-ipopt.control	1470252514
usr/lib/opkg/info/iptables-mod-ipopt.list	1487032712
usr/lib/opkg/info/iptables-mod-ipsec.control	1470252514
usr/lib/opkg/info/iptables-mod-ipsec.list	1487032712
usr/lib/opkg/info/iptables-mod-nat-extra.control	1470252514
usr/lib/opkg/info/iptables-mod-nat-extra.list	1487032712
usr/lib/opkg/info/jshn.control	1470252372
usr/lib/opkg/info/jshn.list	1487032711
usr/lib/opkg/info/jsonfilter.control	1470252422
usr/lib/opkg/info/jsonfilter.list	1487032711
usr/lib/opkg/info/kernel.control	1472686846
usr/lib/opkg/info/kernel.list	1487032712
usr/lib/opkg/info/kmod-bgmac.control	1472686955
usr/lib/opkg/info/kmod-bgmac.list	1487032712
usr/lib/opkg/info/kmod-crypto-arc4.control	1472686859
usr/lib/opkg/info/kmod-crypto-arc4.list	1487032712
usr/lib/opkg/info/kmod-crypto-authenc.control	1472686861
usr/lib/opkg/info/kmod-crypto-authenc.list	1487032713
usr/lib/opkg/info/kmod-crypto-cbc.control	1472686862
usr/lib/opkg/info/kmod-crypto-cbc.list	1487032713
usr/lib/opkg/info/kmod-crypto-core.control	1472686849
usr/lib/opkg/info/kmod-crypto-core.list	1487032712
usr/lib/opkg/info/kmod-crypto-deflate.control	1472686867
usr/lib/opkg/info/kmod-crypto-deflate.list	1487032713
usr/lib/opkg/info/kmod-crypto-des.control	1472686864
usr/lib/opkg/info/kmod-crypto-des.list	1487032713
usr/lib/opkg/info/kmod-crypto-ecb.control	1472686868
usr/lib/opkg/info/kmod-crypto-ecb.list	1487032713
usr/lib/opkg/info/kmod-crypto-hash.control	1472686850
usr/lib/opkg/info/kmod-crypto-hash.list	1487032713
usr/lib/opkg/info/kmod-crypto-hmac.control	1472686870
usr/lib/opkg/info/kmod-crypto-hmac.list	1487032713
usr/lib/opkg/info/kmod-crypto-iv.control	1472686858
usr/lib/opkg/info/kmod-crypto-iv.list	1487032713
usr/lib/opkg/info/kmod-crypto-manager.control	1472686853
usr/lib/opkg/info/kmod-crypto-manager.list	1487032712
usr/lib/opkg/info/kmod-crypto-md5.control	1472686871
usr/lib/opkg/info/kmod-crypto-md5.list	1487032713
usr/lib/opkg/info/kmod-crypto-pcompress.control	1472686852
usr/lib/opkg/info/kmod-crypto-pcompress.list	1487032713
usr/lib/opkg/info/kmod-crypto-rng.control	1472686856
usr/lib/opkg/info/kmod-crypto-rng.list	1487032713
usr/lib/opkg/info/kmod-crypto-sha1.control	1472686873
usr/lib/opkg/info/kmod-crypto-sha1.list	1487032713
usr/lib/opkg/info/kmod-crypto-wq.control	1472686854
usr/lib/opkg/info/kmod-crypto-wq.list	1487032713
usr/lib/opkg/info/kmod-gpio-button-hotplug.control	1487032663
usr/lib/opkg/info/kmod-gpio-button-hotplug.list	1487032713
usr/lib/opkg/info/kmod-gre.control	1472686920
usr/lib/opkg/info/kmod-gre.list	1487032713
usr/lib/opkg/info/kmod-ifb.control	1472686883
usr/lib/opkg/info/kmod-ifb.list	1487032713
usr/lib/opkg/info/kmod-ip6tables.control	1472686906
usr/lib/opkg/info/kmod-ip6tables.list	1487032712
usr/lib/opkg/info/kmod-ipsec4.control	1472686912
usr/lib/opkg/info/kmod-ipsec4.list	1487032713
usr/lib/opkg/info/kmod-ipsec6.control	1472686915
usr/lib/opkg/info/kmod-ipsec6.list	1487032713
usr/lib/opkg/info/kmod-ipsec.control	1472686909
usr/lib/opkg/info/kmod-ipsec.list	1487032713
usr/lib/opkg/info/kmod-ipt-conntrack.control	1472686887
usr/lib/opkg/info/kmod-ipt-conntrack-extra.control	1472686889
usr/lib/opkg/info/kmod-ipt-conntrack-extra.list	1487032712
usr/lib/opkg/info/kmod-ipt-conntrack.list	1487032712
usr/lib/opkg/info/kmod-ipt-core.control	1472686885
usr/lib/opkg/info/kmod-ipt-core.list	1487032712
usr/lib/opkg/info/kmod-ipt-filter.control	1472686891
usr/lib/opkg/info/kmod-ipt-filter.list	1487032712
usr/lib/opkg/info/kmod-ipt-ipopt.control	1472686893
usr/lib/opkg/info/kmod-ipt-ipopt.list	1487032712
usr/lib/opkg/info/kmod-ipt-ipsec.control	1472686894
usr/lib/opkg/info/kmod-ipt-ipsec.list	1487032712
usr/lib/opkg/info/kmod-ipt-ipset.control	1487032707
usr/lib/opkg/info/kmod-ipt-ipset.list	1487032712
usr/lib/opkg/info/kmod-ipt-nat.control	1472686896
usr/lib/opkg/info/kmod-ipt-nat-extra.control	1472686898
usr/lib/opkg/info/kmod-ipt-nat-extra.list	1487032712
usr/lib/opkg/info/kmod-ipt-nathelper.control	1472686900
usr/lib/opkg/info/kmod-ipt-nathelper-extra.control	1472686902
usr/lib/opkg/info/kmod-ipt-nathelper-extra.list	1487032713
usr/lib/opkg/info/kmod-ipt-nathelper.list	1487032713
usr/lib/opkg/info/kmod-ipt-nat.list	1487032712
usr/lib/opkg/info/kmod-iptunnel4.control	1472686911
usr/lib/opkg/info/kmod-iptunnel4.list	1487032713
usr/lib/opkg/info/kmod-iptunnel6.control	1472686914
usr/lib/opkg/info/kmod-iptunnel6.list	1487032713
usr/lib/opkg/info/kmod-iptunnel.control	1472686917
usr/lib/opkg/info/kmod-iptunnel.list	1487032713
usr/lib/opkg/info/kmod-ipv6.control	1472686904
usr/lib/opkg/info/kmod-ipv6.list	1487032712
usr/lib/opkg/info/kmod-l2tp.control	1472686930
usr/lib/opkg/info/kmod-l2tp.list	1487032713
usr/lib/opkg/info/kmod-ledtrig-default-on.control	1472686876
usr/lib/opkg/info/kmod-ledtrig-default-on.list	1487032713
usr/lib/opkg/info/kmod-ledtrig-heartbeat.control	1472686875
usr/lib/opkg/info/kmod-ledtrig-heartbeat.list	1487032713
usr/lib/opkg/info/kmod-ledtrig-timer.control	1472686877
usr/lib/opkg/info/kmod-ledtrig-timer.list	1487032713
usr/lib/opkg/info/kmod-lib-crc-ccitt.control	1472686879
usr/lib/opkg/info/kmod-lib-crc-ccitt.list	1487032713
usr/lib/opkg/info/kmod-lib-textsearch.control	1472686881
usr/lib/opkg/info/kmod-lib-textsearch.list	1487032712
usr/lib/opkg/info/kmod-lib-zlib.control	1472686866
usr/lib/opkg/info/kmod-lib-zlib.list	1487032713
usr/lib/opkg/info/kmod-luxul-luxulctf.control	1487032663
usr/lib/opkg/info/kmod-luxul-luxulctf.list	1487032715
usr/lib/opkg/info/kmod-mppe.control	1472686933
usr/lib/opkg/info/kmod-mppe.list	1487032713
usr/lib/opkg/info/kmod-nfnetlink.control	1472686907
usr/lib/opkg/info/kmod-nfnetlink.list	1487032712
usr/lib/opkg/info/kmod-nls-base.control	1472686939
usr/lib/opkg/info/kmod-nls-base.list	1487032713
usr/lib/opkg/info/kmod-ppp.control	1472686924
usr/lib/opkg/info/kmod-ppp.list	1487032713
usr/lib/opkg/info/kmod-pppoe.control	1472686927
usr/lib/opkg/info/kmod-pppoe.list	1487032713
usr/lib/opkg/info/kmod-pppol2tp.control	1472686931
usr/lib/opkg/info/kmod-pppol2tp.list	1487032713
usr/lib/opkg/info/kmod-pppox.control	1472686926
usr/lib/opkg/info/kmod-pppox.list	1487032713
usr/lib/opkg/info/kmod-pps.control	1472686940
usr/lib/opkg/info/kmod-pps.list	1487032713
usr/lib/opkg/info/kmod-pptp.control	1472686929
usr/lib/opkg/info/kmod-pptp.list	1487032713
usr/lib/opkg/info/kmod-ptp.control	1472686942
usr/lib/opkg/info/kmod-ptp.list	1487032713
usr/lib/opkg/info/kmod-sched-connmark.control	1472686937
usr/lib/opkg/info/kmod-sched-connmark.list	1487032713
usr/lib/opkg/info/kmod-sched-core.control	1472686935
usr/lib/opkg/info/kmod-sched-core.list	1487032713
usr/lib/opkg/info/kmod-scsi-core.control	1472686847
usr/lib/opkg/info/kmod-scsi-core.list	1487032713
usr/lib/opkg/info/kmod-slhc.control	1472686923
usr/lib/opkg/info/kmod-slhc.list	1487032713
usr/lib/opkg/info/kmod-tun.control	1472686922
usr/lib/opkg/info/kmod-tun.list	1487032713
usr/lib/opkg/info/kmod-usb-brcm47xx.control	1472686947
usr/lib/opkg/info/kmod-usb-brcm47xx.list	1487032713
usr/lib/opkg/info/kmod-usb-core.control	1472686943
usr/lib/opkg/info/kmod-usb-core.list	1487032713
usr/lib/opkg/info/kmod-usb-ohci.control	1472686948
usr/lib/opkg/info/kmod-usb-ohci.list	1487032713
usr/lib/opkg/info/kmod-usb-printer.control	1472686949
usr/lib/opkg/info/kmod-usb-printer.list	1487032713
usr/lib/opkg/info/kmod-usb-storage.control	1472686951
usr/lib/opkg/info/kmod-usb-storage-extras.control	1472686953
usr/lib/opkg/info/kmod-usb-storage-extras.list	1487032713
usr/lib/opkg/info/kmod-usb-storage.list	1487032713
usr/lib/opkg/info/kmod-usb-uhci.control	1472686945
usr/lib/opkg/info/kmod-usb-uhci.list	1487032713
usr/lib/opkg/info/libblobmsg-json.control	1470252372
usr/lib/opkg/info/libblobmsg-json.list	1487032711
usr/lib/opkg/info/libc.control	1470252293
usr/lib/opkg/info/libc.list	1487032711
usr/lib/opkg/info/libgcc.control	1470252292
usr/lib/opkg/info/libgcc.list	1487032711
usr/lib/opkg/info/libgmp.control	1470252479
usr/lib/opkg/info/libgmp.list	1487032713
usr/lib/opkg/info/libhowl.control	1470252333
usr/lib/opkg/info/libhowl.list	1487032716
usr/lib/opkg/info/libip4tc.control	1470252512
usr/lib/opkg/info/libip4tc.list	1487032712
usr/lib/opkg/info/libip6tc.control	1470252512
usr/lib/opkg/info/libip6tc.list	1487032712
usr/lib/opkg/info/libjson-c.control	1470252312
usr/lib/opkg/info/libjson-c.list	1487032711
usr/lib/opkg/info/libjson-script.control	1470252372
usr/lib/opkg/info/libjson-script.list	1487032711
usr/lib/opkg/info/liblzo.control	1470252352
usr/lib/opkg/info/liblzo.list	1487032714
usr/lib/opkg/info/libmnl.control	1470252315
usr/lib/opkg/info/libmnl.list	1487032712
usr/lib/opkg/info/libnfnetlink.control	1470252366
usr/lib/opkg/info/libnfnetlink.list	1487032714
usr/lib/opkg/info/libnl-tiny.control	1470252297
usr/lib/opkg/info/libnl-tiny.list	1487032711
usr/lib/opkg/info/libopenssl.control	1470252534
usr/lib/opkg/info/libopenssl.list	1487032714
usr/lib/opkg/info/libpcre.control	1470252359
usr/lib/opkg/info/libpcre.list	1487032715
usr/lib/opkg/info/libpthread.control	1470252294
usr/lib/opkg/info/libpthread.list	1487032714
usr/lib/opkg/info/librt.control	1470252294
usr/lib/opkg/info/librt.list	1487032714
usr/lib/opkg/info/libstdcpp.control	1470252293
usr/lib/opkg/info/libstdcpp.list	1487032714
usr/lib/opkg/info/libubox.control	1470252371
usr/lib/opkg/info/libubox.list	1487032711
usr/lib/opkg/info/libubus.control	1470252419
usr/lib/opkg/info/libubus.list	1487032711
usr/lib/opkg/info/libuci.control	1470252420
usr/lib/opkg/info/libuci.list	1487032711
usr/lib/opkg/info/libusb-1.0.control	1470252362
usr/lib/opkg/info/libusb-1.0.list	1487032714
usr/lib/opkg/info/libxtables.control	1470252512
usr/lib/opkg/info/libxtables.list	1487032712
usr/lib/opkg/info/lighttpd.conffiles	1470252614
usr/lib/opkg/info/lighttpd.control	1470252614
usr/lib/opkg/info/lighttpd.list	1487032716
usr/lib/opkg/info/lighttpd-mod-access.control	1470252615
usr/lib/opkg/info/lighttpd-mod-access.list	1487032716
usr/lib/opkg/info/lighttpd-mod-auth.control	1470252615
usr/lib/opkg/info/lighttpd-mod-auth.list	1487032716
usr/lib/opkg/info/lighttpd-mod-cgi.control	1470252616
usr/lib/opkg/info/lighttpd-mod-cgi.list	1487032716
usr/lib/opkg/info/lighttpd-mod-redirect.control	1470252615
usr/lib/opkg/info/lighttpd-mod-redirect.list	1487032716
usr/lib/opkg/info/lighttpd-mod-rewrite.control	1470252616
usr/lib/opkg/info/lighttpd-mod-rewrite.list	1487032716
usr/lib/opkg/info/luxul-base-files-core.control	1487032663
usr/lib/opkg/info/luxul-base-files-core.list	1487032715
usr/lib/opkg/info/luxul-base-files-xbr4400.control	1487032664
usr/lib/opkg/info/luxul-base-files-xbr4400.list	1487032715
usr/lib/opkg/info/luxul-envram.control	1470252300
usr/lib/opkg/info/luxul-envram.list	1487032715
usr/lib/opkg/info/luxul-trl.control	1485873491
usr/lib/opkg/info/luxul-trl.list	1487032715
usr/lib/opkg/info/luxul-ui-php-core.control	1487030081
usr/lib/opkg/info/luxul-ui-php-core.list	1487032715
usr/lib/opkg/info/luxul-ui-php-xbr4400.control	1487030088
usr/lib/opkg/info/luxul-ui-php-xbr4400.list	1487032716
usr/lib/opkg/info/miniupnpd.conffiles	1470252523
usr/lib/opkg/info/miniupnpd.control	1470252523
usr/lib/opkg/info/miniupnpd.list	1487032717
usr/lib/opkg/info/mtd.control	1470252414
usr/lib/opkg/info/mtd.list	1487032714
usr/lib/opkg/info/mwan3.conffiles	1471299655
usr/lib/opkg/info/mwan3.control	1471299655
usr/lib/opkg/info/mwan3.list	1487032716
usr/lib/opkg/info/netifd.control	1470252433
usr/lib/opkg/info/netifd.list	1487032711
usr/lib/opkg/info/nvram.control	1470252363
usr/lib/opkg/info/nvram.list	1487032714
usr/lib/opkg/info/odhcp6c.control	1470252482
usr/lib/opkg/info/odhcp6c.list	1487032714
usr/lib/opkg/info/openssh-keygen.control	1470252632
usr/lib/opkg/info/openssh-keygen.list	1487032716
usr/lib/opkg/info/openssh-server.conffiles	1470252633
usr/lib/opkg/info/openssh-server.control	1470252633
usr/lib/opkg/info/openssh-server.list	1487032716
usr/lib/opkg/info/opkg.conffiles	1470252566
usr/lib/opkg/info/opkg.control	1470252566
usr/lib/opkg/info/opkg.list	1487032714
usr/lib/opkg/info/otrx.control	1470252364
usr/lib/opkg/info/otrx.list	1487032714
usr/lib/opkg/info/php5-cgi.control	1487032679
usr/lib/opkg/info/php5-cgi.list	1487032715
usr/lib/opkg/info/php5.conffiles	1487032666
usr/lib/opkg/info/php5.control	1487032666
usr/lib/opkg/info/php5.list	1487032715
usr/lib/opkg/info/php5-mod-session.control	1487032680
usr/lib/opkg/info/php5-mod-session.list	1487032715
usr/lib/opkg/info/ppp.conffiles	1470252455
usr/lib/opkg/info/ppp.control	1470252455
usr/lib/opkg/info/ppp.list	1487032714
usr/lib/opkg/info/ppp-mod-pppoe.control	1470252455
usr/lib/opkg/info/ppp-mod-pppoe.list	1487032714
usr/lib/opkg/info/ppp-mod-pppol2tp.control	1470252455
usr/lib/opkg/info/ppp-mod-pppol2tp.list	1487032714
usr/lib/opkg/info/ppp-mod-pptp.control	1470252456
usr/lib/opkg/info/ppp-mod-pptp.list	1487032714
usr/lib/opkg/info/pptpd.conffiles	1470252514
usr/lib/opkg/info/pptpd.control	1470252514
usr/lib/opkg/info/pptpd.list	1487032716
usr/lib/opkg/info/procd.control	1470252520
usr/lib/opkg/info/procd.list	1487032711
usr/lib/opkg/info/qos-scripts.conffiles	1470252524
usr/lib/opkg/info/qos-scripts.control	1470252524
usr/lib/opkg/info/qos-scripts.list	1487032714
usr/lib/opkg/info/resolveip.control	1470252313
usr/lib/opkg/info/resolveip.list	1487032714
usr/lib/opkg/info/strongswan-charon.control	1470252634
usr/lib/opkg/info/strongswan-charon.list	1487032716
usr/lib/opkg/info/strongswan.conffiles	1470252633
usr/lib/opkg/info/strongswan.control	1470252633
usr/lib/opkg/info/strongswan-default.control	1470252640
usr/lib/opkg/info/strongswan-default.list	1487032717
usr/lib/opkg/info/strongswan.list	1487032716
usr/lib/opkg/info/strongswan-mod-aes.control	1470252634
usr/lib/opkg/info/strongswan-mod-aes.list	1487032716
usr/lib/opkg/info/strongswan-mod-attr.control	1470252634
usr/lib/opkg/info/strongswan-mod-attr.list	1487032716
usr/lib/opkg/info/strongswan-mod-constraints.control	1470252635
usr/lib/opkg/info/strongswan-mod-constraints.list	1487032716
usr/lib/opkg/info/strongswan-mod-des.control	1470252635
usr/lib/opkg/info/strongswan-mod-des.list	1487032716
usr/lib/opkg/info/strongswan-mod-dhcp.control	1470252641
usr/lib/opkg/info/strongswan-mod-dhcp.list	1487032717
usr/lib/opkg/info/strongswan-mod-dnskey.control	1470252635
usr/lib/opkg/info/strongswan-mod-dnskey.list	1487032716
usr/lib/opkg/info/strongswan-mod-farp.control	1470252642
usr/lib/opkg/info/strongswan-mod-farp.list	1487032717
usr/lib/opkg/info/strongswan-mod-fips-prf.control	1470252636
usr/lib/opkg/info/strongswan-mod-fips-prf.list	1487032716
usr/lib/opkg/info/strongswan-mod-gmp.control	1470252636
usr/lib/opkg/info/strongswan-mod-gmp.list	1487032716
usr/lib/opkg/info/strongswan-mod-hmac.control	1470252636
usr/lib/opkg/info/strongswan-mod-hmac.list	1487032716
usr/lib/opkg/info/strongswan-mod-kernel-netlink.control	1470252636
usr/lib/opkg/info/strongswan-mod-kernel-netlink.list	1487032716
usr/lib/opkg/info/strongswan-mod-md5.control	1470252637
usr/lib/opkg/info/strongswan-mod-md5.list	1487032716
usr/lib/opkg/info/strongswan-mod-nonce.control	1470252636
usr/lib/opkg/info/strongswan-mod-nonce.list	1487032716
usr/lib/opkg/info/strongswan-mod-pem.control	1470252637
usr/lib/opkg/info/strongswan-mod-pem.list	1487032716
usr/lib/opkg/info/strongswan-mod-pgp.control	1470252637
usr/lib/opkg/info/strongswan-mod-pgp.list	1487032716
usr/lib/opkg/info/strongswan-mod-pkcs1.control	1470252637
usr/lib/opkg/info/strongswan-mod-pkcs1.list	1487032716
usr/lib/opkg/info/strongswan-mod-pubkey.control	1470252638
usr/lib/opkg/info/strongswan-mod-pubkey.list	1487032717
usr/lib/opkg/info/strongswan-mod-random.control	1470252638
usr/lib/opkg/info/strongswan-mod-random.list	1487032717
usr/lib/opkg/info/strongswan-mod-resolve.control	1470252638
usr/lib/opkg/info/strongswan-mod-resolve.list	1487032717
usr/lib/opkg/info/strongswan-mod-revocation.control	1470252638
usr/lib/opkg/info/strongswan-mod-revocation.list	1487032717
usr/lib/opkg/info/strongswan-mod-sha1.control	1470252635
usr/lib/opkg/info/strongswan-mod-sha1.list	1487032716
usr/lib/opkg/info/strongswan-mod-sha2.control	1470252639
usr/lib/opkg/info/strongswan-mod-sha2.list	1487032717
usr/lib/opkg/info/strongswan-mod-socket-default.control	1470252639
usr/lib/opkg/info/strongswan-mod-socket-default.list	1487032717
usr/lib/opkg/info/strongswan-mod-stroke.control	1470252639
usr/lib/opkg/info/strongswan-mod-stroke.list	1487032717
usr/lib/opkg/info/strongswan-mod-updown.control	1470252639
usr/lib/opkg/info/strongswan-mod-updown.list	1487032717
usr/lib/opkg/info/strongswan-mod-x509.control	1470252640
usr/lib/opkg/info/strongswan-mod-x509.list	1487032717
usr/lib/opkg/info/strongswan-mod-xauth-generic.control	1470252640
usr/lib/opkg/info/strongswan-mod-xauth-generic.list	1487032717
usr/lib/opkg/info/strongswan-mod-xcbc.control	1470252640
usr/lib/opkg/info/strongswan-mod-xcbc.list	1487032717
usr/lib/opkg/info/strongswan-utils.control	1470252634
usr/lib/opkg/info/strongswan-utils.list	1487032717
usr/lib/opkg/info/swconfig.control	1470252423
usr/lib/opkg/info/swconfig.list	1487032714
usr/lib/opkg/info/tc.control	1470252513
usr/lib/opkg/info/tc.list	1487032714
usr/lib/opkg/info/ubox.control	1470252436
usr/lib/opkg/info/ubox.list	1487032711
usr/lib/opkg/info/ubus.control	1470252420
usr/lib/opkg/info/ubusd.control	1470252420
usr/lib/opkg/info/ubusd.list	1487032711
usr/lib/opkg/info/ubus.list	1487032711
usr/lib/opkg/info/uci.control	1470252420
usr/lib/opkg/info/uci.list	1487032714
usr/lib/opkg/info/uclibcxx.control	1470252368
usr/lib/opkg/info/uclibcxx.list	1487032712
usr/lib/opkg/info/usbutils.control	1470253097
usr/lib/opkg/info/usbutils.list	1487032714
usr/lib/opkg/info/xl2tpd.conffiles	1470252518
usr/lib/opkg/info/xl2tpd.control	1470252518
usr/lib/opkg/info/xl2tpd.list	1487032717
usr/lib/opkg/info/zlib.control	1470252302
usr/lib/opkg/info/zlib.list	1487032714
usr/lib/opkg/info/zoneinfo-core.control	1470252351
usr/lib/opkg/info/zoneinfo-core.list	1487032717
usr/lib/opkg/lists	1487032710
usr/lib/opkg/status	1487032717
usr/lib/php	1487032715
usr/lib/php/session.so	1487032680
usr/lib/pppd	1470252455
usr/lib/pppd/2.4.7	1470252455
usr/lib/pppd/2.4.7/pppol2tp.so	1470252455
usr/lib/pppd/2.4.7/pptp.so	1470252455
usr/lib/pppd/2.4.7/rp-pppoe.so	1470252455
usr/lib/pptpd	1487032716
usr/lib/pptpd/pptpd-logwtmp.so	1470252514
usr/lib/qos	1487032714
usr/lib/qos/generate.sh	1441745924
usr/lib/qos/tcrules.awk	1422992196
usr/sbin	1487032717
usr/sbin/arping	1487032711
usr/sbin/bcrelay	1470252514
usr/sbin/brctl	1487032711
usr/sbin/chroot	1487032711
usr/sbin/crond	1487032711
usr/sbin/dnsmasq	1470252569
usr/sbin/flash_eraseall	1487032711
usr/sbin/fwman.sh	1487032717
usr/sbin/insmod	1487032711
usr/sbin/ip	1470252484
usr/sbin/ip6tables	1487032712
usr/sbin/ip6tables-restore	1487032712
usr/sbin/ip6tables-save	1487032712
usr/sbin/ipsec	1470252634
usr/sbin/ipset	1487032707
usr/sbin/iptables	1487032712
usr/sbin/iptables-restore	1487032712
usr/sbin/iptables-save	1487032712
usr/sbin/lighttpd	1470252614
usr/sbin/lsmod	1487032711
usr/sbin/mDNSResponder	1470253085
usr/sbin/miniupnpd	1470252523
usr/sbin/modinfo	1487032711
usr/sbin/modprobe	1487032711
usr/sbin/mwan3	1422992937
usr/sbin/mwan3track	1422992937
usr/sbin/ntpd	1487032711
usr/sbin/nvram	1470252363
usr/sbin/odhcp6c	1470252482
usr/sbin/pppd	1470252455
usr/sbin/pptpctrl	1470252514
usr/sbin/pptpd	1470252514
usr/sbin/rmmod	1487032711
usr/sbin/sshd	1470252632
usr/sbin/ssh_fixup.sh	1487032717
usr/sbin/startup_scripts.sh	1487032717
usr/sbin/tc	1470252513
usr/sbin/telnetd	1487032711
usr/sbin/vlans-monitor.sh	1487032717
usr/sbin/xl2tpd	1470252518
usr/sbin/xl2tpd-control	1470252518
usr/sbin/xtables-multi	1470252512
usr/share	1487032717
usr/share/libubox	1487032711
usr/share/libubox/jshn.sh	1470252372
usr/share/miniupnpd	1487032717
usr/share/miniupnpd/firewall.include	1470252523
usr/share/udhcpc	1487032711
usr/share/udhcpc/default.script	1422992196
usr/share/usb.ids.gz	1470253097
usr/share/zoneinfo	1487032717
usr/share/zoneinfo/CET	1470252351
usr/share/zoneinfo/CST6CDT	1470252351
usr/share/zoneinfo/EET	1470252351
usr/share/zoneinfo/Eire	1470252351
usr/share/zoneinfo/EST	1470252351
usr/share/zoneinfo/EST5EDT	1470252351
usr/share/zoneinfo/GB	1470252351
usr/share/zoneinfo/GB-Eire	1470252351
usr/share/zoneinfo/GMT+0	1470252351
usr/share/zoneinfo/GMT-0	1470252351
usr/share/zoneinfo/GMT0	1470252351
usr/share/zoneinfo/GMT+10	1470252351
usr/share/zoneinfo/GMT-10	1470252351
usr/share/zoneinfo/GMT+11	1470252351
usr/share/zoneinfo/GMT-11	1470252351
usr/share/zoneinfo/GMT+1	1470252351
usr/share/zoneinfo/GMT-1	1470252351
usr/share/zoneinfo/GMT+12	1470252351
usr/share/zoneinfo/GMT-12	1470252351
usr/share/zoneinfo/GMT-13	1470252351
usr/share/zoneinfo/GMT-14	1470252351
usr/share/zoneinfo/GMT	1470252351
usr/share/zoneinfo/GMT+2	1470252351
usr/share/zoneinfo/GMT-2	1470252351
usr/share/zoneinfo/GMT+3	1470252351
usr/share/zoneinfo/GMT-3	1470252351
usr/share/zoneinfo/GMT+4	1470252351
usr/share/zoneinfo/GMT-4	1470252351
usr/share/zoneinfo/GMT+5	1470252351
usr/share/zoneinfo/GMT-5	1470252351
usr/share/zoneinfo/GMT+6	1470252351
usr/share/zoneinfo/GMT-6	1470252351
usr/share/zoneinfo/GMT+7	1470252351
usr/share/zoneinfo/GMT-7	1470252351
usr/share/zoneinfo/GMT+8	1470252351
usr/share/zoneinfo/GMT-8	1470252351
usr/share/zoneinfo/GMT+9	1470252351
usr/share/zoneinfo/GMT-9	1470252351
usr/share/zoneinfo/Greenwich	1470252351
usr/share/zoneinfo/HST	1470252351
usr/share/zoneinfo/MET	1470252351
usr/share/zoneinfo/MST	1470252351
usr/share/zoneinfo/MST7MDT	1470252351
usr/share/zoneinfo/PRC	1470252351
usr/share/zoneinfo/PST8PDT	1470252351
usr/share/zoneinfo/ROC	1470252351
usr/share/zoneinfo/ROK	1470252351
usr/share/zoneinfo/UCT	1470252351
usr/share/zoneinfo/Universal	1470252351
usr/share/zoneinfo/UTC	1470252351
usr/share/zoneinfo/WET	1470252351
usr/share/zoneinfo/W-SU	1470252351
usr/share/zoneinfo/zone.tab	1470252351
usr/share/zoneinfo/Zulu	1470252351
usr/trl-client	1487032715
usr/trl-client/trl-client	1485873491
var	1487032711
www	1487032715
www/config	1487032715
www/config/advance_config.php	1471909470
www/config/backup_config.php	1485873406
www/config/beta_config.php	1461708891
www/config/bootstrap.php	1442956869
www/config/config.php	1486741043
www/config/dhcp_config.php	1442956869
www/config/dns_config.php	1442956869
www/config/factory_config.php	1444238538
www/config/iperf_config.php	1442956869
www/config/led_config.php	1442956869
www/config/log_config.php	1442956869
www/config/qos_config.php	1442956869
www/config/reboot_config.php	1442956869
www/config/routerlimits_config.php	1475674649
www/config/system_config.php	1444238538
www/config/timezone_config.php	1442956869
www/config/upgrade_config.php	1442956869
www/config/upnp_config.php	1442956869
www/config/vlan_config.php	1442956869
www/config/vpnserver_config.php	1486489465
www/config/webfilter_config.php	1442956869
www/controllers	1487032715
www/controllers/advance_controller.php	1476216500
www/controllers/backup_controller.php	1485873406
www/controllers/beta_controller.php	1471909470
www/controllers/compliance_controller.php	1452639535
www/controllers/connections_controller.php	1442956869
www/controllers/dhcp_controller.php	1485873406
www/controllers/dmz_controller.php	1467842095
www/controllers/dns_controller.php	1443478255
www/controllers/factory_controller.php	1486133785
www/controllers/iperf_controller.php	1442956869
www/controllers/lease_controller.php	1461708891
www/controllers/led_controller.php	1442956869
www/controllers/log_controller.php	1447891753
www/controllers/multiwan2_controller.php	1453830562
www/controllers/multiwan3_controller.php	1453830562
www/controllers/multiwan4_controller.php	1453830562
www/controllers/multiwan_controller.php	1453830562
www/controllers/multiwanpolicy_controller.php	1461708891
www/controllers/multiwanreport_controller.php	1485873406
www/controllers/multiwansetting_controller.php	1476196245
www/controllers/password_controller.php	1442956869
www/controllers/ping_controller.php	1442956869
www/controllers/port_controller.php	1462554801
www/controllers/portforward_controller.php	1467842095
www/controllers/portspeed_controller.php	1485873406
www/controllers/qos_controller.php	1485873406
www/controllers/quicksetup_controller.php	1486396687
www/controllers/reboot_controller.php	1444694546
www/controllers/routerlimits_controller.php	1485873406
www/controllers/routing_controller.php	1485873406
www/controllers/system_controller.php	1455663816
www/controllers/timezone_controller.php	1457640318
www/controllers/trace_controller.php	1442956869
www/controllers/upgrade_controller.php	1442956869
www/controllers/upnp_controller.php	1442956869
www/controllers/vlanconfig_controller.php	1471909470
www/controllers/vlan_controller.php	1461708891
www/controllers/vpnserver_controller.php	1486489465
www/controllers/vpnuser_controller.php	1486489465
www/controllers/webfilter_controller.php	1442956869
www/library	1487032716
www/library/controller.php	1486489465
www/library/helper.php	1460996981
www/library/model.php	1487030023
www/library/router.php	1486133785
www/library/uci.php	1464032305
www/library/view.php	1442956869
www/mm.php	1485189617
www/models	1487032715
www/models/advance_model.php	1471909470
www/models/backup_model.php	1486046820
www/models/beta_model.php	1461708891
www/models/connections_model.php	1442956869
www/models/dhcp_model.php	1471909470
www/models/dmz_model.php	1442956869
www/models/dns_model.php	1442956869
www/models/factory_model.php	1486046820
www/models/iperf_model.php	1442956869
www/models/lease_model.php	1460996981
www/models/led_model.php	1442956869
www/models/log_model.php	1447891753
www/models/multiwanreport_model.php	1442956869
www/models/multiwansetting_model.php	1442956869
www/models/password_model.php	1442956869
www/models/portforward_model.php	1472694251
www/models/port_model.php	1462554801
www/models/portspeed_model.php	1485873406
www/models/qos_model.php	1485873406
www/models/quicksetup_model.php	1442956869
www/models/reboot_model.php	1442956869
www/models/routerlimits_model.php	1475674649
www/models/routing_model.php	1442956869
www/models/system_model.php	1444238538
www/models/timezone_model.php	1457640318
www/models/upgrade_model.php	1442956869
www/models/upnp_model.php	1442956869
www/models/vlanconfig_model.php	1486489465
www/models/vlan_model.php	1443478255
www/models/vpnserver_model.php	1486489465
www/models/vpnuser_model.php	1442956869
www/models/webfilter_model.php	1442956869
www/public	1487032715
www/public/css	1487032715
www/public/css/reset.css	1442956869
www/public/css/styles.css	1459471168
www/public/css/sweetalert.css	1485873406
www/public/css/welcome.css	1442956869
www/public/favicon.ico	1442956869
www/public/img	1487032715
www/public/img/icon-delete.png	1442956869
www/public/img/icon-edit.png	1442956869
www/public/img/icon-help-header.png	1442956869
www/public/img/icon-help-text-grey.png	1456875582
www/public/img/icon-help-text.png	1442956869
www/public/img/icon-offline.png	1442956869
www/public/img/icon-online-custom.png	1442956869
www/public/img/icon-status-ok.png	1442956869
www/public/img/list-arrow-closed.png	1442956869
www/public/img/list-arrow-open.png	1442956869
www/public/img/logo.png	1442956869
www/public/img/luxul-simply-connected.png	1442956869
www/public/img/ports.png	1442956869
www/public/img/routerlimits.png	1485873406
www/public/img/XAP-1040.png	1442956869
www/public/img/XAP-1210.png	1442956869
www/public/img/XAP-1230.png	1442956869
www/public/img/XAP-1500.png	1442956869
www/public/img/XAP-1510.png	1442956869
www/public/index.php	1442956869
www/public/js	1487032715
www/public/js/advance.js	1471909470
www/public/js/backup.js	1447277125
www/public/js/backupprogress.js	1442956869
www/public/js/beta.js	1455289891
www/public/js/browser.js	1467842095
www/public/js/compliance.js	1452639535
www/public/js/connections.js	1467842095
www/public/js/dhcp.js	1485873406
www/public/js/displayspin.js	1442956869
www/public/js/dmz.js	1453830562
www/public/js/dns.js	1486133785
www/public/js/factory.js	1486133785
www/public/js/factoryprogress.js	1454971772
www/public/js/helpmessage.js	1486133785
www/public/js/iperf.js	1442956869
www/public/js/jquery.dataTables.js	1467842095
www/public/js/jquery.js	1442956869
www/public/js/jquery.min.js	1442956869
www/public/js/lease.js	1460567571
www/public/js/led.js	1442956869
www/public/js/leftnav.js	1442956869
www/public/js/log.js	1447891753
www/public/js/multiwan2.js	1462554801
www/public/js/multiwan3.js	1462554801
www/public/js/multiwan4.js	1462554801
www/public/js/multiwan.js	1462554801
www/public/js/multiwanmember2.js	1442956869
www/public/js/multiwanmember3.js	1442956869
www/public/js/multiwanmember4.js	1442956869
www/public/js/multiwanmember.js	1442956869
www/public/js/multiwanpolicy.js	1462554801
www/public/js/multiwanreport.js	1463065437
www/public/js/multiwansetting.js	1464018192
www/public/js/multiwans.js	1442956869
www/public/js/multiwanstatus.js	1442956869
www/public/js/password.js	1442956869
www/public/js/ping.js	1443478255
www/public/js/portforward.js	1460567571
www/public/js/port.js	1455663816
www/public/js/portspeed.js	1485873406
www/public/js/progressbar.js	1442956869
www/public/js/qos.js	1485873406
www/public/js/quicksetup.js	1485873406
www/public/js/reboot.js	1444694546
www/public/js/routerlimits.js	1486050789
www/public/js/routing.js	1460567571
www/public/js/selectoptions.js	1476196245
www/public/js/sortIpAddress.js	1467842095
www/public/js/spin.js	1442956869
www/public/js/sweetalert.min.js	1485873406
www/public/js/system.js	1442956869
www/public/js/timezone.js	1457640318
www/public/js/trace.js	1443478255
www/public/js/upgrade.js	1459379761
www/public/js/upgradeprogress.js	1443601425
www/public/js/upnp.js	1442956869
www/public/js/validation.js	1486133785
www/public/js/vlanconfig.js	1485873406
www/public/js/vlan.js	1485873406
www/public/js/vpnserver.js	1486489465
www/public/js/vpnuser.js	1486489465
www/public/js/webfilter.js	1451945326
www/views	1487032715
www/views/advance	1487032715
www/views/advance/advance.php	1442956869
www/views/advance/helpmessage.php	1476196245
www/views/advance/setup.php	1476216500
www/views/backup	1487032715
www/views/backup/backup.php	1442956869
www/views/backup/display.php	1442956869
www/views/backup/helpmessage.php	1485873406
www/views/backup/progress.php	1442956869
www/views/beta	1487032715
www/views/beta/beta.php	1453481469
www/views/beta/helpmessage.php	1456783766
www/views/beta/setup.php	1471909470
www/views/compliance	1487032715
www/views/compliance/compliance.php	1452639535
www/views/compliance/info.php	1476283558
www/views/connections	1487032715
www/views/connections/connections.php	1467842095
www/views/connections/helpmessage.php	1442956869
www/views/connections/info.php	1471909470
www/views/dhcp	1487032715
www/views/dhcp/dhcp.php	1442956869
www/views/dhcp/helpmessage.php	1442956869
www/views/dhcp/setup.php	1450807566
www/views/dmz	1487032715
www/views/dmz/dmz.php	1442956869
www/views/dmz/helpmessage.php	1442956869
www/views/dmz/setup.php	1442956869
www/views/dns	1487032715
www/views/dns/dns.php	1442956869
www/views/dns/helpmessage.php	1442956869
www/views/dns/setup.php	1442956869
www/views/factory	1487032715
www/views/factory/display.php	1486133785
www/views/factory/factory.php	1442956869
www/views/factory/helpmessage.php	1476196245
www/views/factory/progress.php	1454971772
www/views/header.php	1442956869
www/views/iperf	1487032715
www/views/iperf/helpmessage.php	1476196245
www/views/iperf/info.php	1476196245
www/views/iperf/iperf.php	1442956869
www/views/lease	1487032715
www/views/lease/helpmessage.php	1442956869
www/views/lease/info.php	1461708891
www/views/lease/lease.php	1442956869
www/views/led	1487032715
www/views/led/helpmessage.php	1442956869
www/views/led/ledcontrol.php	1442956869
www/views/led/led.php	1442956869
www/views/leftnav.php	1486133785
www/views/log	1487032715
www/views/log/helpmessage.php	1449162316
www/views/log/log.php	1442956869
www/views/log/message.php	1447891753
www/views/multiwan	1487032715
www/views/multiwan2	1487032715
www/views/multiwan2/helpmessage.php	1463410703
www/views/multiwan2/multiwan2.php	1442956869
www/views/multiwan2/setup.php	1486396687
www/views/multiwan3	1487032715
www/views/multiwan3/helpmessage.php	1463410703
www/views/multiwan3/multiwan3.php	1442956869
www/views/multiwan3/setup.php	1486396687
www/views/multiwan4	1487032715
www/views/multiwan4/helpmessage.php	1463410703
www/views/multiwan4/multiwan4.php	1442956869
www/views/multiwan4/setup.php	1486396687
www/views/multiwan/helpmessage.php	1463410703
www/views/multiwanmember	1487032715
www/views/multiwanmember2	1487032715
www/views/multiwanmember2/helpmessage.php	1442956869
www/views/multiwanmember2/multiwanmember2.php	1442956869
www/views/multiwanmember2/setup.php	1442956869
www/views/multiwanmember3	1487032715
www/views/multiwanmember3/helpmessage.php	1442956869
www/views/multiwanmember3/multiwanmember3.php	1442956869
www/views/multiwanmember3/setup.php	1442956869
www/views/multiwanmember4	1487032715
www/views/multiwanmember4/helpmessage.php	1442956869
www/views/multiwanmember4/multiwanmember4.php	1442956869
www/views/multiwanmember4/setup.php	1442956869
www/views/multiwanmember/helpmessage.php	1442956869
www/views/multiwanmember/multiwanmember.php	1442956869
www/views/multiwanmember/setup.php	1442956869
www/views/multiwan/multiwan.php	1442956869
www/views/multiwanpolicy	1487032715
www/views/multiwanpolicy/helpmessage.php	1442956869
www/views/multiwanpolicy/multiwanpolicy.php	1442956869
www/views/multiwanpolicy/setup.php	1464017168
www/views/multiwanreport	1487032715
www/views/multiwanreport/helpmessage.php	1463065437
www/views/multiwanreport/info.php	1485873406
www/views/multiwanreport/multiwanreport.php	1463065437
www/views/multiwans	1487032715
www/views/multiwansetting	1487032715
www/views/multiwansetting/helpmessage.php	1463065437
www/views/multiwansetting/multiwansetting.php	1442956869
www/views/multiwansetting/setup.php	1486133785
www/views/multiwan/setup.php	1486396687
www/views/multiwans/helpmessage.php	1442956869
www/views/multiwans/info.php	1442956869
www/views/multiwans/multiwans.php	1442956869
www/views/password	1487032715
www/views/password/form.php	1442956869
www/views/password/helpmessage.php	1456875582
www/views/password/password.php	1442956869
www/views/ping	1487032715
www/views/ping/helpmessage.php	1456875582
www/views/ping/info.php	1442956869
www/views/ping/ping.php	1442956869
www/views/port	1487032715
www/views/portforward	1487032715
www/views/portforward/info.php	1460567571
www/views/portforward/portforward.php	1442956869
www/views/port/helpmessage.php	1456189725
www/views/port/info.php	1456421638
www/views/port/port.php	1455663816
www/views/portspeed	1487032715
www/views/portspeed/helpmessage.php	1485873406
www/views/portspeed/portspeed.php	1485873406
www/views/portspeed/setup.php	1485873406
www/views/qos	1487032715
www/views/qos/helpmessage.php	1485873406
www/views/qos/qos.php	1442956869
www/views/qos/setup.php	1442956869
www/views/quicksetup	1487032715
www/views/quicksetup/helpmessage.php	1442956869
www/views/quicksetup/network.php	1442956869
www/views/quicksetup/quicksetup.html	1442956869
www/views/quicksetup/quicksetup.php	1476196245
www/views/quicksetup/setup.php	1486396687
www/views/reboot	1487032715
www/views/reboot/reboot.php	1444694546
www/views/reboot/redirect.php	1444694546
www/views/routerlimits	1487032715
www/views/routerlimits/helpmessage.php	1485873406
www/views/routerlimits/routerlimits.php	1485873406
www/views/routerlimits/setup.php	1485873406
www/views/routing	1487032715
www/views/routing/info.php	1460567571
www/views/routing/routing.php	1442956869
www/views/system	1487032715
www/views/system/helpmessage.php	1442956869
www/views/system/info.php	1442956869
www/views/system/system.php	1485873406
www/views/timezone	1487032715
www/views/timezone/helpmessage.php	1442956869
www/views/timezone/setup.php	1457640318
www/views/timezone/timezone.php	1442956869
www/views/trace	1487032715
www/views/trace/helpmessage.php	1456875582
www/views/trace/info.php	1442956869
www/views/trace/trace.php	1442956869
www/views/upgrade	1487032715
www/views/upgrade/display.php	1442956869
www/views/upgrade/helpmessage.php	1456875582
www/views/upgrade/progress.php	1442956869
www/views/upgrade/upgrade.php	1442956869
www/views/upnp	1487032715
www/views/upnp/helpmessage.php	1442956869
www/views/upnp/setup.php	1442956869
www/views/upnp/upnp.php	1452542229
www/views/vlan	1487032715
www/views/vlanconfig	1487032715
www/views/vlanconfig/helpmessage.php	1442956869
www/views/vlanconfig/setup.php	1471299490
www/views/vlanconfig/vlanconfig.php	1442956869
www/views/vlan/helpmessage.php	1442956869
www/views/vlan/setup.php	1444371704
www/views/vlan/vlan.html	1442956869
www/views/vlan/vlan.php	1442956869
www/views/vpnserver	1487032715
www/views/vpnserver/helpmessage.php	1486489465
www/views/vpnserver/setup.php	1486489465
www/views/vpnserver/vpnserver.php	1442956869
www/views/vpnuser	1487032715
www/views/vpnuser/helpmessage.php	1485873406
www/views/vpnuser/setup.php	1486489465
www/views/vpnuser/vpnuser.php	1442956869
www/views/webfilter	1487032715
www/views/webfilter/helpmessage.php	1442956869
www/views/webfilter/setup.php	1442956869
www/views/webfilter/webfilter.php	1442956869
